Generation,GenomeID,Fitness,Nodes,Connections,Timestamp
1,1,0.001995563507080078,3,17,2025-12-19T15:35:31.394703
1,2,0.0014679431915283203,3,17,2025-12-19T15:35:31.394703
1,3,0.0020112991333007812,3,17,2025-12-19T15:35:31.394703
1,4,10.001916885375977,3,17,2025-12-19T15:35:31.395697
1,5,10.001991987228394,3,17,2025-12-19T15:35:31.395697
1,6,0.002001047134399414,3,17,2025-12-19T15:35:31.396845
1,7,10.000998735427856,3,17,2025-12-19T15:35:31.396845
1,8,0.0023550987243652344,3,17,2025-12-19T15:35:31.396845
1,9,0.001506805419921875,3,17,2025-12-19T15:35:31.397840
1,10,0.0020093917846679688,3,17,2025-12-19T15:35:31.397840
1,11,0.001001119613647461,3,17,2025-12-19T15:35:31.397840
1,12,2.0098657608032227,3,17,2025-12-19T15:35:31.398843
1,13,10.002000570297241,3,17,2025-12-19T15:35:31.408804
1,14,10.001502990722656,3,17,2025-12-19T15:35:31.409813
1,15,10.002009153366089,3,17,2025-12-19T15:35:31.409813
1,16,10.001508235931396,3,17,2025-12-19T15:35:31.409813
1,17,10.002010822296143,3,17,2025-12-19T15:35:31.410686
1,18,10.00200605392456,3,17,2025-12-19T15:35:31.410686
1,19,0.0010273456573486328,3,17,2025-12-19T15:35:31.411695
1,20,10.001789093017578,3,17,2025-12-19T15:35:31.411695
1,21,12.004518747329712,3,17,2025-12-19T15:35:31.412706
1,22,10.00200629234314,3,17,2025-12-19T15:35:31.412706
1,23,0.0029990673065185547,3,17,2025-12-19T15:35:31.412706
1,24,0.001947641372680664,3,17,2025-12-19T15:35:31.413707
1,25,0.0015079975128173828,3,17,2025-12-19T15:35:31.413707
1,26,10.00098466873169,3,17,2025-12-19T15:35:31.413707
1,27,0.0019989013671875,3,17,2025-12-19T15:35:31.415218
1,28,0.001499176025390625,3,17,2025-12-19T15:35:31.415218
1,29,10.001007080078125,3,17,2025-12-19T15:35:31.416230
1,30,10.002026557922363,3,17,2025-12-19T15:35:31.416230
2,6,0.0020139217376708984,3,17,2025-12-19T15:35:31.654358
2,31,10.002002477645874,3,18,2025-12-19T15:35:31.656399
2,26,10.001919031143188,3,17,2025-12-19T15:35:31.658903
2,12,0.0010042190551757812,3,17,2025-12-19T15:35:31.662726
2,32,10.001536846160889,4,19,2025-12-19T15:35:31.663729
2,33,10.002009153366089,3,16,2025-12-19T15:35:31.665238
2,15,10.001004934310913,3,17,2025-12-19T15:35:31.667249
2,22,0.0014808177947998047,3,17,2025-12-19T15:35:31.672784
2,34,10.001004695892334,3,16,2025-12-19T15:35:31.673796
2,35,10.001005411148071,2,10,2025-12-19T15:35:31.676310
2,36,10.001505613327026,4,19,2025-12-19T15:35:31.678312
2,37,0.0020079612731933594,4,18,2025-12-19T15:35:31.679312
2,38,12.009102821350098,2,10,2025-12-19T15:35:31.680310
2,17,10.001000881195068,3,17,2025-12-19T15:35:31.680730
2,13,10.002366542816162,3,17,2025-12-19T15:35:31.681737
2,39,0.0010066032409667969,3,16,2025-12-19T15:35:31.682770
2,40,10.00200867652893,3,16,2025-12-19T15:35:31.685281
2,41,10.001509428024292,3,17,2025-12-19T15:35:31.689353
2,42,12.006519079208374,3,17,2025-12-19T15:35:31.690743
2,30,0.0025086402893066406,3,17,2025-12-19T15:35:31.691750
2,18,0.0020096302032470703,3,17,2025-12-19T15:35:31.692759
2,43,0.008013010025024414,4,19,2025-12-19T15:35:31.693760
2,44,10.002014875411987,3,13,2025-12-19T15:35:31.695268
2,45,12.011005640029907,3,17,2025-12-19T15:35:31.697298
2,46,0.004497051239013672,3,17,2025-12-19T15:35:31.697298
2,47,10.00452470779419,4,19,2025-12-19T15:35:31.698310
2,48,0.003452777862548828,4,19,2025-12-19T15:35:31.698310
2,21,12.009073257446289,3,17,2025-12-19T15:35:31.700310
2,3,10.002346992492676,3,17,2025-12-19T15:35:31.722775
2,49,10.08411169052124,3,16,2025-12-19T15:35:31.723774
3,31,10.002000331878662,3,18,2025-12-19T15:35:31.809069
3,6,0.003020763397216797,3,17,2025-12-19T15:35:31.809069
3,50,0,2,10,2025-12-19T15:35:31.810070
3,33,10.001012563705444,3,16,2025-12-19T15:35:31.810070
3,32,10.001001119613647,4,19,2025-12-19T15:35:31.810070
3,51,10.001542329788208,3,16,2025-12-19T15:35:31.811070
3,52,0.0015702247619628906,4,18,2025-12-19T15:35:31.811070
3,49,0.0010368824005126953,3,16,2025-12-19T15:35:31.812071
3,3,0.0005097389221191406,3,17,2025-12-19T15:35:31.812071
3,53,0.002578258514404297,3,16,2025-12-19T15:35:31.812071
3,54,10.000993251800537,3,15,2025-12-19T15:35:31.813069
3,55,10.001999139785767,3,11,2025-12-19T15:35:31.814069
3,21,10.002002716064453,3,17,2025-12-19T15:35:31.814069
3,42,12.004533767700195,3,17,2025-12-19T15:35:31.814069
3,56,0.0010137557983398438,2,10,2025-12-19T15:35:31.815067
3,57,10.002000331878662,4,19,2025-12-19T15:35:31.815067
3,58,10.001002788543701,4,19,2025-12-19T15:35:31.815067
3,59,10.001002073287964,4,18,2025-12-19T15:35:31.815067
3,60,12.007751941680908,3,16,2025-12-19T15:35:31.816883
3,61,0.0015063285827636719,3,16,2025-12-19T15:35:31.816883
3,62,12.003007173538208,4,19,2025-12-19T15:35:31.818330
3,38,0.0010061264038085938,2,10,2025-12-19T15:35:31.818330
3,36,0.0030012130737304688,4,19,2025-12-19T15:35:31.819341
3,63,0.0010077953338623047,2,10,2025-12-19T15:35:31.819341
3,64,10.001002311706543,2,10,2025-12-19T15:35:31.820341
3,45,0.0021703243255615234,3,17,2025-12-19T15:35:31.820341
3,47,0.0019953250885009766,4,19,2025-12-19T15:35:31.821341
3,65,0.002512216567993164,5,20,2025-12-19T15:35:31.821341
3,66,10.001006603240967,3,17,2025-12-19T15:35:31.821341
3,67,10.002007484436035,3,17,2025-12-19T15:35:31.822350
4,51,10.002355813980103,3,16,2025-12-19T15:35:31.918692
4,33,0.0019073486328125,3,16,2025-12-19T15:35:31.919693
4,68,0.002007007598876953,2,11,2025-12-19T15:35:31.921178
4,69,0.002005338668823242,3,15,2025-12-19T15:35:31.921178
4,70,10.002002239227295,3,16,2025-12-19T15:35:31.922188
4,55,0.002312898635864258,3,11,2025-12-19T15:35:31.922188
4,54,0.0009992122650146484,3,15,2025-12-19T15:35:31.922188
4,71,0,3,11,2025-12-19T15:35:31.923190
4,72,10.002124786376953,3,5,2025-12-19T15:35:31.923190
4,57,0.0010008811950683594,4,19,2025-12-19T15:35:31.923190
4,64,0.0055086612701416016,2,10,2025-12-19T15:35:31.924186
4,73,10.001007795333862,2,10,2025-12-19T15:35:31.924186
4,74,12.005007028579712,4,18,2025-12-19T15:35:31.925190
4,75,2.010988473892212,4,19,2025-12-19T15:35:31.925190
4,31,10.002514123916626,3,18,2025-12-19T15:35:31.925190
4,6,10.00100827217102,3,17,2025-12-19T15:35:31.926370
4,76,0.0009987354278564453,3,18,2025-12-19T15:35:31.926370
4,77,2.009528636932373,3,16,2025-12-19T15:35:31.926370
4,67,10.003005266189575,3,17,2025-12-19T15:35:31.927377
4,66,0.0015072822570800781,3,17,2025-12-19T15:35:31.927377
4,78,10.001009702682495,3,18,2025-12-19T15:35:31.927377
4,79,0.0010008811950683594,3,17,2025-12-19T15:35:31.928375
4,80,0.0015065670013427734,3,16,2025-12-19T15:35:31.928375
4,60,12.004012823104858,3,16,2025-12-19T15:35:31.928375
4,42,10.002519130706787,3,17,2025-12-19T15:35:31.929374
4,81,0.0010006427764892578,4,18,2025-12-19T15:35:31.929374
4,82,0.005528926849365234,3,16,2025-12-19T15:35:31.929374
4,83,0.0009975433349609375,4,19,2025-12-19T15:35:31.930375
4,84,12.00492000579834,3,15,2025-12-19T15:35:31.930375
4,85,10.005052089691162,3,17,2025-12-19T15:35:31.930375
5,55,0.001001596450805664,3,11,2025-12-19T15:35:31.989832
5,54,0.0009989738464355469,3,15,2025-12-19T15:35:31.989832
5,86,10.000998735427856,3,10,2025-12-19T15:35:31.991341
5,72,10.0,3,5,2025-12-19T15:35:31.991341
5,73,10.0,2,10,2025-12-19T15:35:31.991341
5,87,0.0009989738464355469,3,4,2025-12-19T15:35:31.992353
5,88,0,3,5,2025-12-19T15:35:31.992353
5,89,10.001505374908447,2,10,2025-12-19T15:35:31.993353
5,51,10.001006841659546,3,16,2025-12-19T15:35:31.993353
5,70,0.0009996891021728516,3,16,2025-12-19T15:35:31.994353
5,90,0.0010080337524414062,3,16,2025-12-19T15:35:31.994353
5,91,0.0009984970092773438,3,15,2025-12-19T15:35:31.995355
5,31,0.0010137557983398438,3,18,2025-12-19T15:35:31.995864
5,6,0.0025177001953125,3,17,2025-12-19T15:35:31.995864
5,92,0.0010025501251220703,2,10,2025-12-19T15:35:31.996875
5,93,0.0025191307067871094,3,16,2025-12-19T15:35:31.996875
5,94,0.0030143260955810547,3,18,2025-12-19T15:35:31.998886
5,67,0.0010001659393310547,3,17,2025-12-19T15:35:32.001428
5,78,0.001508951187133789,3,18,2025-12-19T15:35:32.001428
5,95,0.002541780471801758,3,18,2025-12-19T15:35:32.002438
5,96,0.0054454803466796875,3,18,2025-12-19T15:35:32.002438
5,74,10.001006603240967,4,18,2025-12-19T15:35:32.002438
5,84,0.0010013580322265625,3,15,2025-12-19T15:35:32.003441
5,97,12.005132913589478,3,14,2025-12-19T15:35:32.003441
5,98,0.0015172958374023438,5,20,2025-12-19T15:35:32.004438
5,99,10.000997304916382,4,16,2025-12-19T15:35:32.004438
5,100,10.002022981643677,3,14,2025-12-19T15:35:32.004438
5,101,10.001983880996704,5,20,2025-12-19T15:35:32.005436
5,102,10.0015127658844,3,11,2025-12-19T15:35:32.005436
5,103,10.0020112991333,5,19,2025-12-19T15:35:32.006602
6,94,0.002016782760620117,3,18,2025-12-19T15:35:32.087128
6,93,10.001007795333862,3,16,2025-12-19T15:35:32.088137
6,104,10.00096845626831,4,18,2025-12-19T15:35:32.088137
6,96,12.003000736236572,3,18,2025-12-19T15:35:32.089137
6,95,10.002514362335205,3,18,2025-12-19T15:35:32.089137
6,105,0.0010013580322265625,3,17,2025-12-19T15:35:32.090137
6,86,0.0015075206756591797,3,10,2025-12-19T15:35:32.090137
6,55,10.002006530761719,3,11,2025-12-19T15:35:32.090137
6,106,10.000998973846436,3,11,2025-12-19T15:35:32.090137
6,107,10.002015113830566,2,5,2025-12-19T15:35:32.091643
6,51,10.002561330795288,3,16,2025-12-19T15:35:32.091643
6,90,0.0009961128234863281,3,16,2025-12-19T15:35:32.092652
6,108,12.003509998321533,3,16,2025-12-19T15:35:32.093652
6,89,10.001006126403809,2,10,2025-12-19T15:35:32.093652
6,72,12.006518363952637,3,5,2025-12-19T15:35:32.093652
6,109,10.00150752067566,2,10,2025-12-19T15:35:32.095165
6,110,10.001025676727295,3,6,2025-12-19T15:35:32.096174
6,111,0.0009996891021728516,2,9,2025-12-19T15:35:32.096174
6,112,0.0015232563018798828,2,9,2025-12-19T15:35:32.097205
6,97,10.001004934310913,3,14,2025-12-19T15:35:32.097205
6,100,12.002002000808716,3,14,2025-12-19T15:35:32.098174
6,113,10.000998497009277,4,15,2025-12-19T15:35:32.098174
6,114,10.001004934310913,3,14,2025-12-19T15:35:32.099171
6,115,0.000995635986328125,4,16,2025-12-19T15:35:32.100176
6,116,0.0010020732879638672,3,14,2025-12-19T15:35:32.101685
6,117,10.000997543334961,3,14,2025-12-19T15:35:32.102699
6,118,0.00099945068359375,3,14,2025-12-19T15:35:32.102699
6,119,0.0015058517456054688,3,14,2025-12-19T15:35:32.103696
6,120,14.007006645202637,2,8,2025-12-19T15:35:32.103696
6,121,10.003011226654053,2,9,2025-12-19T15:35:32.103696
7,93,10.00251579284668,3,16,2025-12-19T15:35:32.168256
7,104,0.00580906867980957,4,18,2025-12-19T15:35:32.168256
7,122,12.004010200500488,3,16,2025-12-19T15:35:32.169280
7,123,0.0010018348693847656,3,15,2025-12-19T15:35:32.169280
7,109,0.001985788345336914,2,10,2025-12-19T15:35:32.170294
7,89,12.002533674240112,2,10,2025-12-19T15:35:32.170294
7,124,10.00100040435791,2,9,2025-12-19T15:35:32.170294
7,125,10.00100064277649,2,10,2025-12-19T15:35:32.171806
7,100,0.0015070438385009766,3,14,2025-12-19T15:35:32.172815
7,114,0.0045430660247802734,3,14,2025-12-19T15:35:32.172815
7,126,0.001001119613647461,3,13,2025-12-19T15:35:32.173816
7,127,0.0009984970092773438,3,14,2025-12-19T15:35:32.173816
7,128,10.002002477645874,3,14,2025-12-19T15:35:32.173816
7,129,10.0,2,8,2025-12-19T15:35:32.175323
7,130,12.005017280578613,3,14,2025-12-19T15:35:32.175323
7,96,10.002006769180298,3,18,2025-12-19T15:35:32.176331
7,95,0.0009992122650146484,3,18,2025-12-19T15:35:32.176331
7,131,0.0009984970092773438,3,17,2025-12-19T15:35:32.176331
7,132,0.001508474349975586,3,18,2025-12-19T15:35:32.177331
7,108,10.002024173736572,3,16,2025-12-19T15:35:32.177331
7,51,0.0015053749084472656,3,16,2025-12-19T15:35:32.178337
7,133,0.0030133724212646484,2,11,2025-12-19T15:35:32.178337
7,134,0.0020008087158203125,3,15,2025-12-19T15:35:32.178337
7,120,0,2,8,2025-12-19T15:35:32.179339
7,72,0.0015306472778320312,3,5,2025-12-19T15:35:32.179339
7,135,10.001010417938232,2,8,2025-12-19T15:35:32.180338
7,136,0.0009968280792236328,3,5,2025-12-19T15:35:32.180338
7,137,0,3,11,2025-12-19T15:35:32.181338
7,138,10.0,2,8,2025-12-19T15:35:32.181338
7,139,10.003010272979736,2,9,2025-12-19T15:35:32.181338
8,125,10.001023769378662,2,10,2025-12-19T15:35:32.241517
8,109,0.0025599002838134766,2,10,2025-12-19T15:35:32.242525
8,140,10.000999689102173,2,9,2025-12-19T15:35:32.242525
8,141,0.001984834671020508,2,10,2025-12-19T15:35:32.243527
8,96,0.0015571117401123047,3,18,2025-12-19T15:35:32.244528
8,132,0.002984285354614258,3,18,2025-12-19T15:35:32.244528
8,142,10.001509189605713,2,11,2025-12-19T15:35:32.244528
8,108,2.005676507949829,3,16,2025-12-19T15:35:32.245524
8,133,10.00099515914917,2,11,2025-12-19T15:35:32.245524
8,143,0.0009872913360595703,2,11,2025-12-19T15:35:32.246836
8,144,10.00152587890625,2,10,2025-12-19T15:35:32.246836
8,89,12.002023696899414,2,10,2025-12-19T15:35:32.246836
8,124,10.001524448394775,2,9,2025-12-19T15:35:32.247884
8,145,0.0010218620300292969,3,10,2025-12-19T15:35:32.247884
8,146,10.001498222351074,1,4,2025-12-19T15:35:32.248882
8,147,10.001107931137085,3,12,2025-12-19T15:35:32.249904
8,122,10.00153112411499,3,16,2025-12-19T15:35:32.251420
8,93,10.001001119613647,3,16,2025-12-19T15:35:32.252432
8,148,0.0019941329956054688,4,17,2025-12-19T15:35:32.252432
8,149,10.000528573989868,3,15,2025-12-19T15:35:32.253431
8,150,10.001007080078125,3,15,2025-12-19T15:35:32.253431
8,130,12.001989364624023,3,14,2025-12-19T15:35:32.254432
8,139,0.0015106201171875,2,9,2025-12-19T15:35:32.254432
8,151,10.00100564956665,2,9,2025-12-19T15:35:32.254432
8,152,0.0010094642639160156,4,16,2025-12-19T15:35:32.255434
8,153,10.0009925365448,3,14,2025-12-19T15:35:32.255434
8,154,10.001507759094238,3,11,2025-12-19T15:35:32.256591
8,155,10.001008749008179,2,8,2025-12-19T15:35:32.256591
8,156,0.0010058879852294922,3,14,2025-12-19T15:35:32.257599
8,157,10.00400447845459,4,16,2025-12-19T15:35:32.257599
9,125,10.002007484436035,2,10,2025-12-19T15:35:32.337333
9,140,0.0010104179382324219,2,9,2025-12-19T15:35:32.338333
9,158,0,2,10,2025-12-19T15:35:32.338333
9,159,12.003514289855957,1,3,2025-12-19T15:35:32.339331
9,160,0.0025217533111572266,1,3,2025-12-19T15:35:32.339331
9,142,0.0009975433349609375,2,11,2025-12-19T15:35:32.340332
9,132,0.0014009475708007812,3,18,2025-12-19T15:35:32.340332
9,161,0.0009903907775878906,3,13,2025-12-19T15:35:32.340332
9,144,10.00103211402893,2,10,2025-12-19T15:35:32.341333
9,133,0.004006147384643555,2,11,2025-12-19T15:35:32.341333
9,162,12.00351357460022,2,10,2025-12-19T15:35:32.341333
9,163,10.001509428024292,2,10,2025-12-19T15:35:32.343334
9,164,10.002007246017456,3,11,2025-12-19T15:35:32.344335
9,122,0.0009987354278564453,3,16,2025-12-19T15:35:32.344335
9,150,10.001510381698608,3,15,2025-12-19T15:35:32.345840
9,165,10.001010179519653,2,10,2025-12-19T15:35:32.345840
9,166,0.0015082359313964844,3,16,2025-12-19T15:35:32.346848
9,167,10.001007080078125,4,18,2025-12-19T15:35:32.346848
9,130,0.003008127212524414,3,14,2025-12-19T15:35:32.347856
9,157,0.003558635711669922,4,16,2025-12-19T15:35:32.349882
9,168,12.003517866134644,2,9,2025-12-19T15:35:32.351395
9,169,12.004506826400757,2,8,2025-12-19T15:35:32.353410
9,170,0.003004789352416992,3,13,2025-12-19T15:35:32.354404
9,171,0.0025141239166259766,4,16,2025-12-19T15:35:32.354404
9,89,10.000540733337402,2,10,2025-12-19T15:35:32.355402
9,124,10.001505136489868,2,9,2025-12-19T15:35:32.355402
9,172,0.001004934310913086,3,11,2025-12-19T15:35:32.355908
9,173,10.001020908355713,2,9,2025-12-19T15:35:32.355908
9,174,0.004491567611694336,3,13,2025-12-19T15:35:32.356918
9,175,10.00201416015625,2,9,2025-12-19T15:35:32.357915
10,132,10.001998901367188,3,18,2025-12-19T15:35:32.422620
10,142,0.0015056133270263672,2,11,2025-12-19T15:35:32.423622
10,150,10.002009630203247,3,15,2025-12-19T15:35:32.423622
10,165,0.0026578903198242188,2,10,2025-12-19T15:35:32.423622
10,176,10.000998497009277,3,15,2025-12-19T15:35:32.423622
10,177,0.001997232437133789,3,14,2025-12-19T15:35:32.425131
10,178,10.001516819000244,3,15,2025-12-19T15:35:32.425131
10,179,0.0010018348693847656,2,10,2025-12-19T15:35:32.426140
10,175,2.004528284072876,2,9,2025-12-19T15:35:32.426140
10,124,0.0010027885437011719,2,9,2025-12-19T15:35:32.427148
10,180,12.005540132522583,2,8,2025-12-19T15:35:32.428143
10,181,10.001510620117188,2,8,2025-12-19T15:35:32.428143
10,182,10.001012802124023,2,8,2025-12-19T15:35:32.429139
10,183,10.001001119613647,3,10,2025-12-19T15:35:32.440019
10,162,10.000999927520752,2,10,2025-12-19T15:35:32.440019
10,164,10.001998901367188,3,11,2025-12-19T15:35:32.440019
10,184,0.0025234222412109375,3,10,2025-12-19T15:35:32.440019
10,185,10.00100302696228,3,11,2025-12-19T15:35:32.441532
10,186,10.001511335372925,2,10,2025-12-19T15:35:32.441532
10,187,12.003023147583008,3,11,2025-12-19T15:35:32.442544
10,159,10.000999689102173,1,3,2025-12-19T15:35:32.442544
10,125,12.004530191421509,2,10,2025-12-19T15:35:32.442544
10,188,0,1,3,2025-12-19T15:35:32.443545
10,189,0.001523733139038086,1,2,2025-12-19T15:35:32.443545
10,190,10.001019716262817,1,3,2025-12-19T15:35:32.443545
10,169,10.000996112823486,2,8,2025-12-19T15:35:32.444542
10,168,0.0012774467468261719,2,9,2025-12-19T15:35:32.444542
10,191,0.000986337661743164,2,9,2025-12-19T15:35:32.445540
10,192,10.0,1,3,2025-12-19T15:35:32.445540
10,193,10.00200366973877,2,8,2025-12-19T15:35:32.445540
11,181,10.000998973846436,2,8,2025-12-19T15:35:32.508258
11,183,0.000997781753540039,3,10,2025-12-19T15:35:32.509259
11,194,0.0005066394805908203,1,2,2025-12-19T15:35:32.510259
11,195,0.004016399383544922,3,11,2025-12-19T15:35:32.510259
11,132,12.002511262893677,3,18,2025-12-19T15:35:32.510259
11,142,10.002002716064453,2,11,2025-12-19T15:35:32.510259
11,196,0.0009965896606445312,3,17,2025-12-19T15:35:32.511771
11,193,12.003531455993652,2,8,2025-12-19T15:35:32.511771
11,169,0.0010027885437011719,2,8,2025-12-19T15:35:32.512783
11,197,10.001509189605713,2,8,2025-12-19T15:35:32.512783
11,198,12.004021883010864,1,3,2025-12-19T15:35:32.513781
11,150,10.001556873321533,3,15,2025-12-19T15:35:32.513781
11,178,10.001973628997803,3,15,2025-12-19T15:35:32.513781
11,199,10.001001119613647,4,17,2025-12-19T15:35:32.515304
11,200,10.001529455184937,2,9,2025-12-19T15:35:32.516326
11,201,12.004526853561401,2,9,2025-12-19T15:35:32.517824
11,187,0.0010023117065429688,3,11,2025-12-19T15:35:32.517824
11,164,10.001014947891235,3,11,2025-12-19T15:35:32.518836
11,202,0.0010001659393310547,3,10,2025-12-19T15:35:32.518836
11,203,10.001526832580566,3,10,2025-12-19T15:35:32.519833
11,204,10.001021385192871,2,8,2025-12-19T15:35:32.519833
11,205,10.001010417938232,3,11,2025-12-19T15:35:32.519833
11,206,12.00356149673462,3,11,2025-12-19T15:35:32.521345
11,180,10.000998497009277,2,8,2025-12-19T15:35:32.521345
11,125,10.000985383987427,2,10,2025-12-19T15:35:32.522352
11,207,10.001508235931396,2,7,2025-12-19T15:35:32.522352
11,208,0.002010822296142578,3,11,2025-12-19T15:35:32.523355
11,209,10.001509428024292,3,11,2025-12-19T15:35:32.523355
11,210,0.0010066032409667969,3,11,2025-12-19T15:35:32.523355
11,211,10.002002239227295,2,10,2025-12-19T15:35:32.524355
12,209,12.003602504730225,3,11,2025-12-19T15:35:32.605276
12,207,0.0009999275207519531,2,7,2025-12-19T15:35:32.605276
12,212,12.003018617630005,2,8,2025-12-19T15:35:32.606283
12,213,2.0060975551605225,3,11,2025-12-19T15:35:32.606283
12,214,10.001002788543701,1,3,2025-12-19T15:35:32.607286
12,215,10.002012968063354,3,11,2025-12-19T15:35:32.608311
12,211,0.0010328292846679688,2,10,2025-12-19T15:35:32.608311
12,216,12.002037525177002,2,9,2025-12-19T15:35:32.609285
12,217,0.0019683837890625,1,3,2025-12-19T15:35:32.610285
12,218,14.008059024810791,2,9,2025-12-19T15:35:32.610285
12,132,0.0010004043579101562,3,18,2025-12-19T15:35:32.610285
12,142,2.0051066875457764,2,11,2025-12-19T15:35:32.611792
12,219,2.003990888595581,3,17,2025-12-19T15:35:32.611792
12,220,0.0005087852478027344,2,11,2025-12-19T15:35:32.612799
12,206,0.002126455307006836,3,11,2025-12-19T15:35:32.612799
12,203,0.0010075569152832031,3,10,2025-12-19T15:35:32.613797
12,221,0,4,14,2025-12-19T15:35:32.613797
12,222,0.002519369125366211,3,10,2025-12-19T15:35:32.613797
12,223,2.0055079460144043,3,11,2025-12-19T15:35:32.615305
12,224,10.00100064277649,3,11,2025-12-19T15:35:32.616322
12,198,0,1,3,2025-12-19T15:35:32.616322
12,193,0.0015025138854980469,2,8,2025-12-19T15:35:32.617313
12,225,0.0010042190551757812,1,4,2025-12-19T15:35:32.617313
12,226,0.0010027885437011719,1,2,2025-12-19T15:35:32.617313
12,201,10.001506328582764,2,9,2025-12-19T15:35:32.618503
12,178,12.003006219863892,3,15,2025-12-19T15:35:32.618503
12,227,10.002000570297241,2,9,2025-12-19T15:35:32.618503
12,228,10.0,3,11,2025-12-19T15:35:32.619504
12,229,10.002507448196411,2,9,2025-12-19T15:35:32.619504
12,230,10.001999855041504,4,16,2025-12-19T15:35:32.620506
13,193,10.001001358032227,2,8,2025-12-19T15:35:32.671518
13,225,0.0029976367950439453,1,4,2025-12-19T15:35:32.672524
13,231,10.001015424728394,1,3,2025-12-19T15:35:32.673524
13,142,0.0010118484497070312,2,11,2025-12-19T15:35:32.673524
13,219,10.000991106033325,3,17,2025-12-19T15:35:32.674525
13,232,0.0015277862548828125,3,17,2025-12-19T15:35:32.674525
13,224,0.001013040542602539,3,11,2025-12-19T15:35:32.675525
13,223,12.00501823425293,3,11,2025-12-19T15:35:32.675525
13,233,0.001989603042602539,2,8,2025-12-19T15:35:32.676816
13,234,10.000984191894531,2,3,2025-12-19T15:35:32.677830
13,216,0,2,9,2025-12-19T15:35:32.677830
13,235,0.00051116943359375,2,9,2025-12-19T15:35:32.678828
13,236,0.0010066032409667969,3,10,2025-12-19T15:35:32.679829
13,237,0.0009996891021728516,2,10,2025-12-19T15:35:32.679829
13,238,10.000997304916382,2,9,2025-12-19T15:35:32.681342
13,239,0.001001596450805664,3,11,2025-12-19T15:35:32.681342
13,178,10.001507997512817,3,15,2025-12-19T15:35:32.682357
13,229,10.00098991394043,2,9,2025-12-19T15:35:32.683356
13,240,0.0009992122650146484,3,14,2025-12-19T15:35:32.683356
13,241,0.001504659652709961,2,8,2025-12-19T15:35:32.684378
13,242,0.00201416015625,4,16,2025-12-19T15:35:32.685358
13,243,0.0009992122650146484,3,14,2025-12-19T15:35:32.685864
13,244,0.0010175704956054688,2,9,2025-12-19T15:35:32.685864
13,218,10.001534700393677,2,9,2025-12-19T15:35:32.686872
13,209,10.001104354858398,3,11,2025-12-19T15:35:32.687881
13,245,0,2,5,2025-12-19T15:35:32.687881
13,246,10.00091004371643,3,10,2025-12-19T15:35:32.688879
13,247,10.001516819000244,2,8,2025-12-19T15:35:32.688879
13,248,10.000999450683594,3,10,2025-12-19T15:35:32.689879
13,249,10.001965045928955,2,9,2025-12-19T15:35:32.689879
14,235,0.0010194778442382812,2,9,2025-12-19T15:35:32.728345
14,250,0.0009984970092773438,2,9,2025-12-19T15:35:32.728345
14,219,10.001002550125122,3,17,2025-12-19T15:35:32.729327
14,232,10.002000570297241,3,17,2025-12-19T15:35:32.729327
14,251,12.004005670547485,3,16,2025-12-19T15:35:32.730324
14,252,0.0009999275207519531,3,17,2025-12-19T15:35:32.730324
14,231,10.000607013702393,1,3,2025-12-19T15:35:32.731325
14,193,0.001055002212524414,2,8,2025-12-19T15:35:32.731325
14,253,10.0,2,7,2025-12-19T15:35:32.732327
14,254,0.001035451889038086,2,7,2025-12-19T15:35:32.733328
14,255,0,1,2,2025-12-19T15:35:32.733328
14,256,10.000995635986328,1,3,2025-12-19T15:35:32.735327
14,178,0.0010046958923339844,3,15,2025-12-19T15:35:32.736864
14,229,0,2,9,2025-12-19T15:35:32.737841
14,257,10.0,2,9,2025-12-19T15:35:32.737841
14,258,10.0,2,7,2025-12-19T15:35:32.738842
14,259,0.0010232925415039062,4,16,2025-12-19T15:35:32.738842
14,249,10.000998497009277,2,9,2025-12-19T15:35:32.739852
14,218,12.001526832580566,2,9,2025-12-19T15:35:32.739852
14,260,10.001009225845337,2,8,2025-12-19T15:35:32.739852
14,261,10.000996828079224,2,8,2025-12-19T15:35:32.739852
14,262,10.001159191131592,2,8,2025-12-19T15:35:32.741356
14,263,0.0013685226440429688,2,5,2025-12-19T15:35:32.742364
14,264,0.001004934310913086,2,9,2025-12-19T15:35:32.742364
14,265,12.003002643585205,3,11,2025-12-19T15:35:32.743364
14,223,10.0,3,11,2025-12-19T15:35:32.743364
14,234,10.0,2,3,2025-12-19T15:35:32.744361
14,266,0.0015020370483398438,1,2,2025-12-19T15:35:32.744361
14,267,0.0010030269622802734,3,11,2025-12-19T15:35:32.745362
14,268,10.0,2,2,2025-12-19T15:35:32.745362
15,235,2.004521608352661,2,9,2025-12-19T15:35:32.839268
15,269,0.0009992122650146484,2,9,2025-12-19T15:35:32.839268
15,257,0.0010004043579101562,2,9,2025-12-19T15:35:32.840268
15,259,10.001506805419922,4,16,2025-12-19T15:35:32.840268
15,270,10.001009464263916,3,12,2025-12-19T15:35:32.840268
15,268,10.000998973846436,2,2,2025-12-19T15:35:32.841781
15,258,0.0015060901641845703,2,7,2025-12-19T15:35:32.841781
15,271,10.002031326293945,2,7,2025-12-19T15:35:32.842792
15,272,0.00099945068359375,3,9,2025-12-19T15:35:32.843795
15,273,0.0010294914245605469,2,2,2025-12-19T15:35:32.843795
15,274,0.0009696483612060547,2,7,2025-12-19T15:35:32.843795
15,275,0.0010056495666503906,3,9,2025-12-19T15:35:32.845306
15,256,0.001998424530029297,1,3,2025-12-19T15:35:32.846471
15,231,10.00099802017212,1,3,2025-12-19T15:35:32.847483
15,276,12.004507541656494,1,2,2025-12-19T15:35:32.847483
15,277,10.00100040435791,1,2,2025-12-19T15:35:32.848485
15,278,0,1,4,2025-12-19T15:35:32.849478
15,279,14.008026838302612,1,4,2025-12-19T15:35:32.849478
15,265,0.0035409927368164062,3,11,2025-12-19T15:35:32.850480
15,218,12.004037141799927,2,9,2025-12-19T15:35:32.850480
15,280,8.021152019500732,2,9,2025-12-19T15:35:32.851484
15,281,12.004517793655396,2,9,2025-12-19T15:35:32.851484
15,282,12.003522396087646,3,11,2025-12-19T15:35:32.852485
15,283,10.000999689102173,2,9,2025-12-19T15:35:32.853485
15,284,10.000998973846436,2,9,2025-12-19T15:35:32.854485
15,251,10.00100040435791,3,16,2025-12-19T15:35:32.854485
15,232,0.0009961128234863281,3,17,2025-12-19T15:35:32.855482
15,285,12.003522872924805,3,15,2025-12-19T15:35:32.856527
15,286,0.0015113353729248047,2,10,2025-12-19T15:35:32.856527
15,287,12.00402307510376,3,15,2025-12-19T15:35:32.857531
16,259,0.0015025138854980469,4,16,2025-12-19T15:35:32.913563
16,270,10.001006126403809,3,12,2025-12-19T15:35:32.914565
16,288,10.002002954483032,3,13,2025-12-19T15:35:32.915564
16,289,10.000999450683594,3,9,2025-12-19T15:35:32.916071
16,271,10.0,2,7,2025-12-19T15:35:32.916071
16,268,0.0015048980712890625,2,2,2025-12-19T15:35:32.918585
16,290,10.001004934310913,2,6,2025-12-19T15:35:32.918585
16,291,10.001000165939331,2,1,2025-12-19T15:35:32.919588
16,287,0.0010001659393310547,3,15,2025-12-19T15:35:32.920588
16,285,10.001905918121338,3,15,2025-12-19T15:35:32.921611
16,292,0.0010349750518798828,3,15,2025-12-19T15:35:32.922585
16,293,2.004976749420166,3,15,2025-12-19T15:35:32.923840
16,294,10.000994682312012,3,14,2025-12-19T15:35:32.923840
16,218,0.0015332698822021484,2,9,2025-12-19T15:35:32.923840
16,282,0.0010254383087158203,3,11,2025-12-19T15:35:32.925348
16,295,10.001999139785767,3,10,2025-12-19T15:35:32.925348
16,296,10.000978469848633,3,10,2025-12-19T15:35:32.926361
16,297,0.0015091896057128906,2,8,2025-12-19T15:35:32.927362
16,281,0.0020079612731933594,2,9,2025-12-19T15:35:32.927362
16,283,0.0009992122650146484,2,9,2025-12-19T15:35:32.928361
16,298,0.00351715087890625,2,9,2025-12-19T15:35:32.928361
16,299,0.003504037857055664,2,8,2025-12-19T15:35:32.929357
16,300,0.0010077953338623047,2,9,2025-12-19T15:35:32.929357
16,301,10.000999212265015,3,11,2025-12-19T15:35:32.930361
16,279,0.0025064945220947266,1,4,2025-12-19T15:35:32.930361
16,276,10.00100302696228,1,2,2025-12-19T15:35:32.931359
16,302,0.0009996891021728516,2,6,2025-12-19T15:35:32.931359
16,303,10.00103211402893,1,4,2025-12-19T15:35:32.932357
16,304,0.0009696483612060547,1,4,2025-12-19T15:35:32.933356
16,305,12.005075931549072,1,4,2025-12-19T15:35:32.933356
17,296,0,3,10,2025-12-19T15:35:32.993608
17,306,0.0015299320220947266,3,10,2025-12-19T15:35:32.995119
17,307,12.004557132720947,4,11,2025-12-19T15:35:32.995119
17,308,10.0,4,12,2025-12-19T15:35:32.996126
17,309,10.001035451889038,2,4,2025-12-19T15:35:32.997182
17,290,0.000988006591796875,2,6,2025-12-19T15:35:32.997182
17,291,0,2,1,2025-12-19T15:35:32.998133
17,310,12.001985311508179,1,1,2025-12-19T15:35:32.999128
17,311,10.001511812210083,3,7,2025-12-19T15:35:33.000132
17,312,0.0010104179382324219,3,4,2025-12-19T15:35:33.000132
17,270,10.0,3,12,2025-12-19T15:35:33.001667
17,289,0.0036051273345947266,3,9,2025-12-19T15:35:33.002678
17,313,10.000994443893433,3,12,2025-12-19T15:35:33.003678
17,314,0.0019989013671875,3,8,2025-12-19T15:35:33.003678
17,285,2.0060787200927734,3,15,2025-12-19T15:35:33.003678
17,294,12.003001689910889,3,14,2025-12-19T15:35:33.005193
17,315,10.001005172729492,3,13,2025-12-19T15:35:33.006219
17,316,0.0025649070739746094,3,14,2025-12-19T15:35:33.006219
17,295,0.000997781753540039,3,10,2025-12-19T15:35:33.007201
17,301,0.0035741329193115234,3,11,2025-12-19T15:35:33.007201
17,317,0.000985860824584961,3,9,2025-12-19T15:35:33.008207
17,318,0.000997781753540039,3,10,2025-12-19T15:35:33.009246
17,319,0.00099945068359375,3,10,2025-12-19T15:35:33.009246
17,320,0.0029845237731933594,3,11,2025-12-19T15:35:33.010204
17,305,12.002254247665405,1,4,2025-12-19T15:35:33.010204
17,288,0.0010001659393310547,3,13,2025-12-19T15:35:33.011715
17,321,0,1,4,2025-12-19T15:35:33.012723
17,322,10.000999689102173,1,4,2025-12-19T15:35:33.012723
17,323,0.0010001659393310547,1,3,2025-12-19T15:35:33.013724
17,324,12.003999710083008,1,4,2025-12-19T15:35:33.013724
18,306,12.003092288970947,3,10,2025-12-19T15:35:33.063763
18,318,0.001585245132446289,3,10,2025-12-19T15:35:33.063763
18,270,0.0010068416595458984,3,12,2025-12-19T15:35:33.065270
18,289,10.001081228256226,3,9,2025-12-19T15:35:33.066279
18,325,10.001007080078125,3,13,2025-12-19T15:35:33.066279
18,310,0.0009760856628417969,1,1,2025-12-19T15:35:33.067279
18,311,10.001935958862305,3,7,2025-12-19T15:35:33.068281
18,326,10.001010179519653,1,1,2025-12-19T15:35:33.069284
18,327,0.0010001659393310547,1,1,2025-12-19T15:35:33.069284
18,328,0.001092672348022461,1,1,2025-12-19T15:35:33.070311
18,294,12.00300931930542,3,14,2025-12-19T15:35:33.070311
18,315,0.0009989738464355469,3,13,2025-12-19T15:35:33.071279
18,329,10.001001119613647,3,13,2025-12-19T15:35:33.071279
18,330,0.001005411148071289,3,14,2025-12-19T15:35:33.072280
18,331,0.0009996891021728516,3,14,2025-12-19T15:35:33.073278
18,332,0.0010058879852294922,3,14,2025-12-19T15:35:33.073278
18,324,0.0015108585357666016,1,4,2025-12-19T15:35:33.074279
18,305,0.001007080078125,1,4,2025-12-19T15:35:33.074279
18,333,0.0019965171813964844,1,4,2025-12-19T15:35:33.075283
18,334,10.000999927520752,1,3,2025-12-19T15:35:33.075283
18,335,12.002598524093628,1,4,2025-12-19T15:35:33.076476
18,336,0.0010411739349365234,1,5,2025-12-19T15:35:33.076476
18,337,0,1,3,2025-12-19T15:35:33.077473
18,338,10.001510381698608,1,4,2025-12-19T15:35:33.078472
18,307,10.001008749008179,4,11,2025-12-19T15:35:33.078472
18,309,0.001001596450805664,2,4,2025-12-19T15:35:33.079476
18,339,0.0019981861114501953,4,11,2025-12-19T15:35:33.079476
18,340,0.002506256103515625,4,11,2025-12-19T15:35:33.080472
18,341,10.0,3,3,2025-12-19T15:35:33.081471
18,342,10.002013206481934,3,9,2025-12-19T15:35:33.081471
19,289,0.001001596450805664,3,9,2025-12-19T15:35:33.135190
19,325,0.0009970664978027344,3,13,2025-12-19T15:35:33.136198
19,343,0,3,9,2025-12-19T15:35:33.136198
19,344,0.0015056133270263672,3,8,2025-12-19T15:35:33.137199
19,345,0.0010063648223876953,2,4,2025-12-19T15:35:33.138202
19,311,0.0009992122650146484,3,7,2025-12-19T15:35:33.138202
19,328,10.001001834869385,1,1,2025-12-19T15:35:33.139200
19,346,10.002270221710205,3,8,2025-12-19T15:35:33.140205
19,342,10.0010085105896,3,9,2025-12-19T15:35:33.140205
19,307,0.001531839370727539,4,11,2025-12-19T15:35:33.140205
19,347,12.001537799835205,3,9,2025-12-19T15:35:33.140205
19,348,0.0031354427337646484,2,2,2025-12-19T15:35:33.141711
19,349,0.003572702407836914,3,9,2025-12-19T15:35:33.141711
19,350,10.000994682312012,5,13,2025-12-19T15:35:33.142729
19,335,0,1,4,2025-12-19T15:35:33.142729
19,338,10.001008749008179,1,4,2025-12-19T15:35:33.143724
19,351,12.002996683120728,1,5,2025-12-19T15:35:33.143724
19,352,0.002485990524291992,1,3,2025-12-19T15:35:33.143724
19,353,0.0010044574737548828,1,4,2025-12-19T15:35:33.145236
19,354,0.0015287399291992188,1,4,2025-12-19T15:35:33.145236
19,355,10.001003742218018,1,4,2025-12-19T15:35:33.146243
19,294,0.0009989738464355469,3,14,2025-12-19T15:35:33.146243
19,329,10.001023769378662,3,13,2025-12-19T15:35:33.146243
19,356,0.0009961128234863281,3,12,2025-12-19T15:35:33.147244
19,357,10.001000165939331,3,13,2025-12-19T15:35:33.148245
19,358,0.0025396347045898438,2,6,2025-12-19T15:35:33.148245
19,306,10.002025365829468,3,10,2025-12-19T15:35:33.149244
19,318,10.000984907150269,3,10,2025-12-19T15:35:33.150387
19,359,12.003547430038452,3,9,2025-12-19T15:35:33.151395
19,360,10.001996994018555,2,9,2025-12-19T15:35:33.151395
20,344,10.0,3,8,2025-12-19T15:35:33.202762
20,345,0,2,4,2025-12-19T15:35:33.203768
20,361,0.0010390281677246094,3,5,2025-12-19T15:35:33.203768
20,329,0.001971006393432617,3,13,2025-12-19T15:35:33.203768
20,357,0,3,13,2025-12-19T15:35:33.205274
20,362,10.0,3,12,2025-12-19T15:35:33.205274
20,363,0.0015053749084472656,2,8,2025-12-19T15:35:33.206286
20,346,10.00100827217102,3,8,2025-12-19T15:35:33.207284
20,328,0.0010001659393310547,1,1,2025-12-19T15:35:33.208282
20,364,10.001093864440918,1,0,2025-12-19T15:35:33.208282
20,365,0.0009522438049316406,4,10,2025-12-19T15:35:33.209280
20,366,10.0,3,7,2025-12-19T15:35:33.209280
20,347,10.001113653182983,3,9,2025-12-19T15:35:33.209280
20,342,0.0023679733276367188,3,9,2025-12-19T15:35:33.210280
20,367,12.003078937530518,3,9,2025-12-19T15:35:33.210280
20,368,0.0029153823852539062,3,9,2025-12-19T15:35:33.211788
20,369,10.000995635986328,3,9,2025-12-19T15:35:33.212872
20,351,0.002599954605102539,1,5,2025-12-19T15:35:33.213802
20,338,0.0020995140075683594,1,4,2025-12-19T15:35:33.213802
20,370,0.0009958744049072266,1,3,2025-12-19T15:35:33.215314
20,371,0.0009062290191650391,1,5,2025-12-19T15:35:33.215314
20,372,10.0,1,5,2025-12-19T15:35:33.216321
20,373,0.001600027084350586,1,4,2025-12-19T15:35:33.216321
20,359,0.001007080078125,3,9,2025-12-19T15:35:33.217325
20,306,10.001084089279175,3,10,2025-12-19T15:35:33.217325
20,374,10.001600980758667,3,9,2025-12-19T15:35:33.218320
20,375,10.00109338760376,3,9,2025-12-19T15:35:33.218320
20,376,0.002916574478149414,3,8,2025-12-19T15:35:33.218320
20,377,0.0010006427764892578,4,10,2025-12-19T15:35:33.218320
20,378,10.00301742553711,3,9,2025-12-19T15:35:33.219697
21,372,0.0010089874267578125,1,5,2025-12-19T15:35:33.267031
21,351,0.0010755062103271484,1,5,2025-12-19T15:35:33.267031
21,379,12.002002954483032,1,4,2025-12-19T15:35:33.269293
21,380,0.0010058879852294922,1,4,2025-12-19T15:35:33.269293
21,381,0.0010018348693847656,1,5,2025-12-19T15:35:33.270211
21,362,10.000986576080322,3,12,2025-12-19T15:35:33.270211
21,329,10.00092601776123,3,13,2025-12-19T15:35:33.271719
21,382,12.00270128250122,4,14,2025-12-19T15:35:33.271719
21,344,10.00100302696228,3,8,2025-12-19T15:35:33.272731
21,361,10.001088857650757,3,5,2025-12-19T15:35:33.273732
21,383,10.000997543334961,3,5,2025-12-19T15:35:33.273732
21,384,10.000916719436646,4,11,2025-12-19T15:35:33.273732
21,364,10.001510381698608,1,0,2025-12-19T15:35:33.275239
21,346,0.0010075569152832031,3,8,2025-12-19T15:35:33.275239
21,385,0.0010006427764892578,3,8,2025-12-19T15:35:33.276244
21,386,0.0019989013671875,3,7,2025-12-19T15:35:33.276244
21,387,10.000503301620483,1,1,2025-12-19T15:35:33.276244
21,388,10.001005172729492,1,0,2025-12-19T15:35:33.277245
21,378,0.003007173538208008,3,9,2025-12-19T15:35:33.277245
21,374,10.001513957977295,3,9,2025-12-19T15:35:33.277245
21,389,10.001010656356812,2,4,2025-12-19T15:35:33.278244
21,390,0.0009989738464355469,3,8,2025-12-19T15:35:33.278244
21,391,10.000999450683594,2,3,2025-12-19T15:35:33.279248
21,392,10.001503944396973,4,11,2025-12-19T15:35:33.279248
21,367,10.001010179519653,3,9,2025-12-19T15:35:33.279248
21,347,10.000996828079224,3,9,2025-12-19T15:35:33.280245
21,393,12.002001762390137,3,8,2025-12-19T15:35:33.280245
21,394,10.00100564956665,3,10,2025-12-19T15:35:33.280245
21,395,0.0010023117065429688,3,9,2025-12-19T15:35:33.281754
21,396,10.0039963722229,3,8,2025-12-19T15:35:33.281754
22,361,0.0010752677917480469,3,5,2025-12-19T15:35:33.338937
22,344,10.001009225845337,3,8,2025-12-19T15:35:33.338937
22,397,12.001920223236084,4,6,2025-12-19T15:35:33.339940
22,398,0.0010001659393310547,3,8,2025-12-19T15:35:33.339940
22,399,10.000999212265015,3,6,2025-12-19T15:35:33.341449
22,364,0.001512765884399414,1,0,2025-12-19T15:35:33.341449
22,388,0.0010058879852294922,1,0,2025-12-19T15:35:33.342461
22,400,0.0010004043579101562,1,0,2025-12-19T15:35:33.343459
22,401,0,1,0,2025-12-19T15:35:33.344460
22,402,10.000996351242065,1,0,2025-12-19T15:35:33.344460
22,374,0.0030069351196289062,3,9,2025-12-19T15:35:33.345979
22,392,10.001505613327026,4,11,2025-12-19T15:35:33.347146
22,403,2.0030062198638916,2,3,2025-12-19T15:35:33.347146
22,404,0.002000093460083008,3,11,2025-12-19T15:35:33.348105
22,405,2.004002809524536,3,10,2025-12-19T15:35:33.349108
22,393,10.001511812210083,3,8,2025-12-19T15:35:33.349108
22,396,10.001008749008179,3,8,2025-12-19T15:35:33.350103
22,406,10.0,3,8,2025-12-19T15:35:33.350103
22,407,0.0010106563568115234,3,7,2025-12-19T15:35:33.351610
22,408,0,4,10,2025-12-19T15:35:33.351610
22,379,10.00099802017212,1,4,2025-12-19T15:35:33.352617
22,389,10.00100040435791,2,4,2025-12-19T15:35:33.353617
22,409,0.0010061264038085938,1,4,2025-12-19T15:35:33.353617
22,410,12.004512071609497,1,3,2025-12-19T15:35:33.355129
22,411,0.0030057430267333984,2,4,2025-12-19T15:35:33.355129
22,382,10.0,4,14,2025-12-19T15:35:33.356139
22,362,12.003517627716064,3,12,2025-12-19T15:35:33.357138
22,412,10.0009925365448,3,11,2025-12-19T15:35:33.357138
22,413,0.0005054473876953125,5,17,2025-12-19T15:35:33.358137
22,414,10.0,4,13,2025-12-19T15:35:33.359138
23,405,10.002520084381104,3,10,2025-12-19T15:35:33.407899
23,403,0.0010037422180175781,2,3,2025-12-19T15:35:33.407899
23,402,10.003008365631104,1,0,2025-12-19T15:35:33.408883
23,364,10.00150752067566,1,0,2025-12-19T15:35:33.408883
23,415,0.001005411148071289,1,1,2025-12-19T15:35:33.410113
23,416,0.0010044574737548828,1,0,2025-12-19T15:35:33.410113
23,344,0,3,8,2025-12-19T15:35:33.410113
23,361,0.001596689224243164,3,5,2025-12-19T15:35:33.411622
23,417,0.001100778579711914,3,4,2025-12-19T15:35:33.411622
23,418,12.002385377883911,3,7,2025-12-19T15:35:33.412630
23,362,0.0011038780212402344,3,12,2025-12-19T15:35:33.412630
23,412,0.0015060901641845703,3,11,2025-12-19T15:35:33.413630
23,419,12.002434015274048,3,12,2025-12-19T15:35:33.413630
23,420,0,4,12,2025-12-19T15:35:33.413630
23,421,0.0010046958923339844,3,12,2025-12-19T15:35:33.413630
23,422,0.0010008811950683594,3,12,2025-12-19T15:35:33.415137
23,423,0.0010044574737548828,3,12,2025-12-19T15:35:33.415137
23,424,0.0010001659393310547,2,8,2025-12-19T15:35:33.416147
23,425,10.001998662948608,4,13,2025-12-19T15:35:33.416147
23,410,0,1,3,2025-12-19T15:35:33.417155
23,397,0,4,6,2025-12-19T15:35:33.417155
23,426,12.004461526870728,1,2,2025-12-19T15:35:33.418662
23,427,10.001002311706543,4,7,2025-12-19T15:35:33.418662
23,428,10.000998973846436,1,3,2025-12-19T15:35:33.419671
23,429,10.000997543334961,4,5,2025-12-19T15:35:33.419671
23,430,10.001528263092041,1,3,2025-12-19T15:35:33.419671
23,431,10.001023530960083,4,6,2025-12-19T15:35:33.420673
23,432,0.0009987354278564453,1,3,2025-12-19T15:35:33.420673
23,433,10.001002550125122,2,5,2025-12-19T15:35:33.420673
23,434,12.005040645599365,1,2,2025-12-19T15:35:33.421673
24,405,0.0010256767272949219,3,10,2025-12-19T15:35:33.467965
24,403,10.000991344451904,2,3,2025-12-19T15:35:33.468954
24,435,0.001987457275390625,2,3,2025-12-19T15:35:33.468954
24,436,0,2,4,2025-12-19T15:35:33.469959
24,402,10.001011610031128,1,0,2025-12-19T15:35:33.469959
24,364,0.0009984970092773438,1,0,2025-12-19T15:35:33.471567
24,437,10.001509666442871,1,0,2025-12-19T15:35:33.472577
24,438,0.0010099411010742188,1,0,2025-12-19T15:35:33.472577
24,439,10.001001119613647,1,0,2025-12-19T15:35:33.473822
24,440,10.000999927520752,1,0,2025-12-19T15:35:33.473822
24,418,0.0009996891021728516,3,7,2025-12-19T15:35:33.475333
24,417,0,3,4,2025-12-19T15:35:33.476342
24,441,0.00099945068359375,3,4,2025-12-19T15:35:33.476342
24,442,2.005040407180786,3,6,2025-12-19T15:35:33.477347
24,419,0.0010077953338623047,3,12,2025-12-19T15:35:33.477347
24,425,0.0010268688201904297,4,13,2025-12-19T15:35:33.478382
24,443,0.0009765625,3,12,2025-12-19T15:35:33.479341
24,444,12.003081798553467,3,11,2025-12-19T15:35:33.479341
24,445,10.000988245010376,4,14,2025-12-19T15:35:33.480343
24,446,0.0010132789611816406,4,13,2025-12-19T15:35:33.481348
24,434,0.0010151863098144531,1,2,2025-12-19T15:35:33.482341
24,426,0.000978708267211914,1,2,2025-12-19T15:35:33.482341
24,447,2.004587173461914,1,2,2025-12-19T15:35:33.483345
24,448,0,1,2,2025-12-19T15:35:33.485345
24,449,10.001506805419922,1,1,2025-12-19T15:35:33.485345
24,450,10.001006126403809,1,1,2025-12-19T15:35:33.486372
24,451,0.001001596450805664,2,3,2025-12-19T15:35:33.487370
24,452,0.00099945068359375,1,1,2025-12-19T15:35:33.487370
24,453,10.000999927520752,1,3,2025-12-19T15:35:33.488372
24,454,10.0,1,1,2025-12-19T15:35:33.489371
25,442,10.00149917602539,3,6,2025-12-19T15:35:33.528261
25,418,0.0010042190551757812,3,7,2025-12-19T15:35:33.528261
25,455,0.0020034313201904297,3,6,2025-12-19T15:35:33.529166
25,403,10.00100302696228,2,3,2025-12-19T15:35:33.529166
25,405,10.001519203186035,3,10,2025-12-19T15:35:33.530165
25,456,10.001006603240967,2,5,2025-12-19T15:35:33.530165
25,457,0.0019998550415039062,2,3,2025-12-19T15:35:33.531683
25,458,10.001505136489868,2,3,2025-12-19T15:35:33.531683
25,449,10.001002788543701,1,1,2025-12-19T15:35:33.532699
25,450,10.0,1,1,2025-12-19T15:35:33.533695
25,459,0,1,1,2025-12-19T15:35:33.533695
25,460,0.00350189208984375,1,2,2025-12-19T15:35:33.535203
25,461,10.0,1,2,2025-12-19T15:35:33.537213
25,462,10.0,1,1,2025-12-19T15:35:33.538219
25,463,0.0009996891021728516,1,2,2025-12-19T15:35:33.539233
25,464,0.0009996891021728516,1,2,2025-12-19T15:35:33.539233
25,465,0.0010006427764892578,1,2,2025-12-19T15:35:33.540223
25,437,10.0,1,0,2025-12-19T15:35:33.540223
25,402,10.001003980636597,1,0,2025-12-19T15:35:33.541738
25,466,10.001001596450806,1,0,2025-12-19T15:35:33.541738
25,467,0.000997304916381836,1,1,2025-12-19T15:35:33.542750
25,468,10.000501871109009,1,0,2025-12-19T15:35:33.543808
25,469,10.001002550125122,1,0,2025-12-19T15:35:33.543808
25,470,0.0010287761688232422,1,0,2025-12-19T15:35:33.543808
25,471,10.000990152359009,1,0,2025-12-19T15:35:33.545313
25,444,0.0009989738464355469,3,11,2025-12-19T15:35:33.545313
25,445,10.0,4,14,2025-12-19T15:35:33.545313
25,472,10.000999689102173,3,11,2025-12-19T15:35:33.546319
25,473,0.0015268325805664062,4,12,2025-12-19T15:35:33.546319
25,474,10.0,2,5,2025-12-19T15:35:33.546319
26,449,0,1,1,2025-12-19T15:35:33.595758
26,466,12.002002477645874,1,0,2025-12-19T15:35:33.595758
26,475,10.001285791397095,1,1,2025-12-19T15:35:33.597760
26,476,2.003511667251587,1,0,2025-12-19T15:35:33.597760
26,477,0.001001119613647461,1,1,2025-12-19T15:35:33.598761
26,478,0.0009999275207519531,1,0,2025-12-19T15:35:33.599763
26,479,10.0,2,2,2025-12-19T15:35:33.599763
26,480,0.003513336181640625,1,0,2025-12-19T15:35:33.601762
26,402,0,1,0,2025-12-19T15:35:33.601762
26,469,10.00100040435791,1,0,2025-12-19T15:35:33.602761
26,481,10.001505613327026,1,0,2025-12-19T15:35:33.603863
26,482,10.0,1,0,2025-12-19T15:35:33.603863
26,483,10.001007080078125,1,0,2025-12-19T15:35:33.605367
26,484,0.0010073184967041016,1,0,2025-12-19T15:35:33.606375
26,485,0.0009918212890625,1,0,2025-12-19T15:35:33.607379
26,486,10.001131057739258,1,0,2025-12-19T15:35:33.608378
26,487,12.002518653869629,1,1,2025-12-19T15:35:33.609377
26,442,0.002005338668823242,3,6,2025-12-19T15:35:33.610377
26,455,12.003510475158691,3,6,2025-12-19T15:35:33.612376
26,488,12.001999378204346,3,7,2025-12-19T15:35:33.613389
26,489,10.001000165939331,3,5,2025-12-19T15:35:33.614472
26,490,10.001002550125122,2,5,2025-12-19T15:35:33.615375
26,405,0.0009982585906982422,3,10,2025-12-19T15:35:33.616412
26,458,10.002001762390137,2,3,2025-12-19T15:35:33.616412
26,491,0.0035185813903808594,3,10,2025-12-19T15:35:33.617456
26,492,10.000999927520752,3,9,2025-12-19T15:35:33.617456
26,493,10.000999927520752,3,10,2025-12-19T15:35:33.619374
26,494,10.0,2,3,2025-12-19T15:35:33.619374
26,495,12.003511428833008,3,9,2025-12-19T15:35:33.620385
26,496,10.001999855041504,3,10,2025-12-19T15:35:33.621385
27,466,10.0,1,0,2025-12-19T15:35:33.669749
27,475,0.001065969467163086,1,1,2025-12-19T15:35:33.670758
27,497,8.008665561676025,1,0,2025-12-19T15:35:33.671773
27,498,10.0,1,0,2025-12-19T15:35:33.671773
27,499,0.0010025501251220703,1,0,2025-12-19T15:35:33.672764
27,500,12.000918865203857,1,1,2025-12-19T15:35:33.673763
27,487,10.00150442123413,1,1,2025-12-19T15:35:33.673763
27,481,10.001091241836548,1,0,2025-12-19T15:35:33.673763
27,501,0.0010035037994384766,2,2,2025-12-19T15:35:33.675269
27,502,0.0009913444519042969,1,1,2025-12-19T15:35:33.676276
27,503,0,1,0,2025-12-19T15:35:33.676276
27,504,12.00360369682312,1,1,2025-12-19T15:35:33.677276
27,505,10.001001119613647,1,0,2025-12-19T15:35:33.678292
27,506,0.0020513534545898438,1,1,2025-12-19T15:35:33.678292
27,455,10.001029014587402,3,6,2025-12-19T15:35:33.679275
27,488,10.001012802124023,3,7,2025-12-19T15:35:33.680284
27,507,0.000989675521850586,2,5,2025-12-19T15:35:33.680284
27,508,10.0,2,5,2025-12-19T15:35:33.680284
27,509,0.002514362335205078,3,6,2025-12-19T15:35:33.681789
27,510,0.0010843276977539062,2,5,2025-12-19T15:35:33.682796
27,511,0.000997781753540039,4,8,2025-12-19T15:35:33.682796
27,495,10.001009225845337,3,9,2025-12-19T15:35:33.683798
27,458,0.0009965896606445312,2,3,2025-12-19T15:35:33.683798
27,512,0,3,8,2025-12-19T15:35:33.683798
27,513,10.001587152481079,2,3,2025-12-19T15:35:33.685304
27,514,0.0010890960693359375,3,9,2025-12-19T15:35:33.685304
27,515,10.001013040542603,3,8,2025-12-19T15:35:33.686311
27,516,12.002615928649902,3,9,2025-12-19T15:35:33.686311
27,517,0.001986980438232422,2,2,2025-12-19T15:35:33.687313
27,518,10.00216293334961,2,4,2025-12-19T15:35:33.687313
28,455,10.001523733139038,3,6,2025-12-19T15:35:33.726395
28,488,10.0,3,7,2025-12-19T15:35:33.727432
28,519,0.0010225772857666016,3,6,2025-12-19T15:35:33.728443
28,520,10.0,3,6,2025-12-19T15:35:33.729443
28,521,0.0010082721710205078,2,4,2025-12-19T15:35:33.730559
28,522,10.0,4,7,2025-12-19T15:35:33.730559
28,500,0,1,1,2025-12-19T15:35:33.731565
28,505,0,1,0,2025-12-19T15:35:33.733573
28,523,0.0010142326354980469,1,0,2025-12-19T15:35:33.735265
28,524,0.0010230541229248047,1,0,2025-12-19T15:35:33.735265
28,525,10.0,1,1,2025-12-19T15:35:33.736278
28,526,0.0019795894622802734,1,1,2025-12-19T15:35:33.737278
28,527,0,1,2,2025-12-19T15:35:33.738287
28,528,0.0020132064819335938,1,1,2025-12-19T15:35:33.738287
28,529,0,1,1,2025-12-19T15:35:33.739284
28,516,0.0010912418365478516,3,9,2025-12-19T15:35:33.740286
28,518,0.0009920597076416016,2,4,2025-12-19T15:35:33.741802
28,530,0.0009875297546386719,3,8,2025-12-19T15:35:33.741802
28,531,0.0015897750854492188,3,8,2025-12-19T15:35:33.742812
28,532,0.001085519790649414,2,5,2025-12-19T15:35:33.742812
28,533,0.0010023117065429688,3,9,2025-12-19T15:35:33.744177
28,534,0.0019164085388183594,3,9,2025-12-19T15:35:33.745243
28,535,10.001506567001343,3,9,2025-12-19T15:35:33.745243
28,536,0,3,8,2025-12-19T15:35:33.746420
28,504,12.002010822296143,1,1,2025-12-19T15:35:33.747535
28,487,10.00150990486145,1,1,2025-12-19T15:35:33.748544
28,537,10.001011610031128,1,2,2025-12-19T15:35:33.749695
28,538,0.0020029544830322266,1,0,2025-12-19T15:35:33.749695
28,539,0.0009961128234863281,1,1,2025-12-19T15:35:33.750784
28,540,12.006472110748291,1,2,2025-12-19T15:35:33.750784
29,528,10.001369953155518,1,1,2025-12-19T15:35:33.795469
29,526,12.002005577087402,1,1,2025-12-19T15:35:33.796478
29,541,0,1,2,2025-12-19T15:35:33.797570
29,542,10.001591920852661,1,1,2025-12-19T15:35:33.797570
29,543,10.001093864440918,1,0,2025-12-19T15:35:33.798478
29,535,0.0010061264038085938,3,9,2025-12-19T15:35:33.799479
29,534,0,3,9,2025-12-19T15:35:33.799479
29,544,10.002511978149414,3,9,2025-12-19T15:35:33.800481
29,545,0.0010004043579101562,4,10,2025-12-19T15:35:33.801479
29,546,12.002087831497192,3,8,2025-12-19T15:35:33.801479
29,455,0.0009958744049072266,3,6,2025-12-19T15:35:33.802683
29,525,10.001488208770752,1,1,2025-12-19T15:35:33.803696
29,547,0,3,5,2025-12-19T15:35:33.803696
29,548,0,3,5,2025-12-19T15:35:33.805354
29,549,12.002599239349365,4,8,2025-12-19T15:35:33.805354
29,550,10.001009464263916,3,4,2025-12-19T15:35:33.806373
29,551,10.001078844070435,3,6,2025-12-19T15:35:33.807361
29,552,12.003931283950806,3,6,2025-12-19T15:35:33.808361
29,553,10.00098705291748,2,3,2025-12-19T15:35:33.809382
29,554,0.0009989738464355469,3,7,2025-12-19T15:35:33.809382
29,540,10.001092195510864,1,2,2025-12-19T15:35:33.810380
29,504,10.000995874404907,1,1,2025-12-19T15:35:33.811362
29,555,0.0005037784576416016,1,1,2025-12-19T15:35:33.812361
29,556,0.0011076927185058594,2,3,2025-12-19T15:35:33.812361
29,557,0.0009894371032714844,1,2,2025-12-19T15:35:33.813362
29,558,0.0010066032409667969,1,1,2025-12-19T15:35:33.814359
29,559,0.0009872913360595703,1,2,2025-12-19T15:35:33.815362
29,560,0,2,2,2025-12-19T15:35:33.815871
29,561,12.003681659698486,1,1,2025-12-19T15:35:33.816877
29,562,10.0,1,1,2025-12-19T15:35:33.818477
30,542,0.0009968280792236328,1,1,2025-12-19T15:35:33.855331
30,525,0.0010864734649658203,1,1,2025-12-19T15:35:33.856941
30,563,0.0009968280792236328,1,0,2025-12-19T15:35:33.856941
30,564,10.000524044036865,1,1,2025-12-19T15:35:33.857950
30,565,10.001047849655151,1,0,2025-12-19T15:35:33.857950
30,566,0.0010349750518798828,1,1,2025-12-19T15:35:33.858947
30,567,0,2,2,2025-12-19T15:35:33.859982
30,568,10.001957654953003,2,3,2025-12-19T15:35:33.859982
30,546,0,3,8,2025-12-19T15:35:33.861487
30,544,2.0060534477233887,3,9,2025-12-19T15:35:33.861487
30,569,10.001622915267944,4,11,2025-12-19T15:35:33.862494
30,570,0,3,8,2025-12-19T15:35:33.862494
30,571,0.0016186237335205078,2,5,2025-12-19T15:35:33.863494
30,572,0.001642465591430664,2,7,2025-12-19T15:35:33.864559
30,561,10.0,1,1,2025-12-19T15:35:33.864559
30,526,10.00156283378601,1,1,2025-12-19T15:35:33.865567
30,573,0.0010073184967041016,1,2,2025-12-19T15:35:33.865567
30,574,10.000998497009277,1,2,2025-12-19T15:35:33.866582
30,575,10.0,1,0,2025-12-19T15:35:33.867587
30,576,0.0015060901641845703,1,1,2025-12-19T15:35:33.868575
30,577,0,1,1,2025-12-19T15:35:33.868575
30,578,10.00100302696228,1,1,2025-12-19T15:35:33.869574
30,552,0.0031766891479492188,3,6,2025-12-19T15:35:33.869574
30,549,10.0,4,8,2025-12-19T15:35:33.870574
30,579,10.0,4,7,2025-12-19T15:35:33.870574
30,580,0.0015838146209716797,5,10,2025-12-19T15:35:33.871577
30,581,0,4,8,2025-12-19T15:35:33.871577
30,582,0.0010943412780761719,5,9,2025-12-19T15:35:33.872574
30,583,0.001001119613647461,3,7,2025-12-19T15:35:33.872574
30,584,12.0,2,5,2025-12-19T15:35:33.872574
31,578,0.0010104179382324219,1,1,2025-12-19T15:35:33.908617
31,575,0.0010144710540771484,1,0,2025-12-19T15:35:33.908617
31,585,10.0,1,0,2025-12-19T15:35:33.909598
31,586,0.0010111331939697266,1,2,2025-12-19T15:35:33.910598
31,587,10.000974178314209,1,0,2025-12-19T15:35:33.911599
31,588,0,1,2,2025-12-19T15:35:33.912597
31,589,10.001002311706543,1,1,2025-12-19T15:35:33.913661
31,590,10.000998735427856,1,2,2025-12-19T15:35:33.913661
31,569,10.0,4,11,2025-12-19T15:35:33.915246
31,544,10.001505374908447,3,9,2025-12-19T15:35:33.916269
31,591,10.00200343132019,4,11,2025-12-19T15:35:33.916269
31,592,10.001002073287964,5,14,2025-12-19T15:35:33.918040
31,593,0.0010001659393310547,3,7,2025-12-19T15:35:33.918040
31,568,10.0,2,3,2025-12-19T15:35:33.919064
31,526,0.0010008811950683594,1,1,2025-12-19T15:35:33.919064
31,594,10.001502990722656,1,1,2025-12-19T15:35:33.920071
31,595,10.0,3,4,2025-12-19T15:35:33.920071
31,596,0.001004934310913086,1,2,2025-12-19T15:35:33.921609
31,597,0.0009992122650146484,1,1,2025-12-19T15:35:33.921609
31,598,0,2,3,2025-12-19T15:35:33.922616
31,599,10.00105357170105,2,3,2025-12-19T15:35:33.923834
31,600,10.001091480255127,1,0,2025-12-19T15:35:33.923834
31,601,10.000951766967773,1,0,2025-12-19T15:35:33.925340
31,584,10.00096321105957,2,5,2025-12-19T15:35:33.926349
31,579,0.0010037422180175781,4,7,2025-12-19T15:35:33.927366
31,602,10.001595973968506,4,8,2025-12-19T15:35:33.928374
31,603,10.001010179519653,3,7,2025-12-19T15:35:33.928374
31,604,0.001092672348022461,4,7,2025-12-19T15:35:33.929374
31,605,12.00269365310669,4,7,2025-12-19T15:35:33.930425
31,606,10.001835346221924,1,2,2025-12-19T15:35:33.931375
32,600,10.001307964324951,1,0,2025-12-19T15:35:33.963761
32,589,10.001014709472656,1,1,2025-12-19T15:35:33.965278
32,607,10.000999689102173,1,0,2025-12-19T15:35:33.966287
32,608,10.000999689102173,1,0,2025-12-19T15:35:33.967300
32,609,0.0009839534759521484,1,1,2025-12-19T15:35:33.968286
32,610,0.0020008087158203125,2,2,2025-12-19T15:35:33.968286
32,611,10.00099778175354,1,0,2025-12-19T15:35:33.969296
32,606,0,1,2,2025-12-19T15:35:33.971375
32,594,10.0,1,1,2025-12-19T15:35:33.972291
32,612,0.00150299072265625,2,4,2025-12-19T15:35:33.973347
32,613,10.00100326538086,1,2,2025-12-19T15:35:33.973347
32,614,10.0,1,2,2025-12-19T15:35:33.975222
32,615,12.000999927520752,1,1,2025-12-19T15:35:33.975222
32,616,12.002002954483032,1,2,2025-12-19T15:35:33.975222
32,617,10.0,1,1,2025-12-19T15:35:33.976650
32,618,0,1,1,2025-12-19T15:35:33.977808
32,591,0.002508878707885742,4,11,2025-12-19T15:35:33.977808
32,544,0,3,9,2025-12-19T15:35:33.978816
32,619,10.001000165939331,4,11,2025-12-19T15:35:33.978816
32,620,10.0,2,5,2025-12-19T15:35:33.979814
32,621,0.0015020370483398438,4,10,2025-12-19T15:35:33.980818
32,622,10.00100302696228,4,11,2025-12-19T15:35:33.980818
32,623,10.0,4,12,2025-12-19T15:35:33.981821
32,605,10.000999927520752,4,7,2025-12-19T15:35:33.982816
32,602,0.0010449886322021484,4,8,2025-12-19T15:35:33.983827
32,624,10.001003742218018,4,9,2025-12-19T15:35:33.983827
32,625,0,4,7,2025-12-19T15:35:33.983827
32,626,0.0009999275207519531,4,8,2025-12-19T15:35:33.985335
32,627,0.002505064010620117,4,7,2025-12-19T15:35:33.985335
32,628,10.002000331878662,5,9,2025-12-19T15:35:33.986343
33,600,10.001000165939331,1,0,2025-12-19T15:35:34.011558
33,589,0,1,1,2025-12-19T15:35:34.012565
33,629,0.0010235309600830078,1,0,2025-12-19T15:35:34.012565
33,630,10.000991344451904,1,1,2025-12-19T15:35:34.013565
33,631,0,1,0,2025-12-19T15:35:34.014568
33,632,0.001004934310913086,1,0,2025-12-19T15:35:34.014568
33,633,10.0,1,1,2025-12-19T15:35:34.015566
33,634,10.001006126403809,1,1,2025-12-19T15:35:34.015566
33,635,0.000990152359008789,1,0,2025-12-19T15:35:34.016666
33,636,0.0005238056182861328,1,0,2025-12-19T15:35:34.017674
33,628,10.0,5,9,2025-12-19T15:35:34.017674
33,624,0.0010232925415039062,4,9,2025-12-19T15:35:34.019183
33,637,10.001101732254028,4,5,2025-12-19T15:35:34.020189
33,638,10.0,5,8,2025-12-19T15:35:34.020189
33,639,10.0,4,6,2025-12-19T15:35:34.021695
33,640,0.0010004043579101562,4,8,2025-12-19T15:35:34.021695
33,641,0,5,8,2025-12-19T15:35:34.022705
33,616,0,1,2,2025-12-19T15:35:34.022705
33,615,0.0015511512756347656,1,1,2025-12-19T15:35:34.023702
33,642,10.0,1,3,2025-12-19T15:35:34.023702
33,643,0.0011038780212402344,1,2,2025-12-19T15:35:34.023702
33,644,0,2,3,2025-12-19T15:35:34.023702
33,645,0.000993490219116211,1,1,2025-12-19T15:35:34.025208
33,646,0,1,2,2025-12-19T15:35:34.025208
33,647,10.001910924911499,2,2,2025-12-19T15:35:34.026213
33,648,10.000505208969116,1,2,2025-12-19T15:35:34.026213
33,649,0.0010075569152832031,1,3,2025-12-19T15:35:34.026213
33,650,0.0020885467529296875,1,1,2025-12-19T15:35:34.027213
33,651,0,1,1,2025-12-19T15:35:34.027213
33,652,10.002012252807617,1,2,2025-12-19T15:35:34.028213
34,600,10.0010085105896,1,0,2025-12-19T15:35:34.062077
34,630,10.000999450683594,1,1,2025-12-19T15:35:34.063703
34,653,10.0,1,1,2025-12-19T15:35:34.064382
34,654,0.0025169849395751953,1,0,2025-12-19T15:35:34.064382
34,655,0,1,0,2025-12-19T15:35:34.065393
34,656,10.001074314117432,1,0,2025-12-19T15:35:34.066400
34,657,10.001003742218018,1,0,2025-12-19T15:35:34.066400
34,658,10.001002550125122,1,0,2025-12-19T15:35:34.068402
34,659,0.0019981861114501953,1,1,2025-12-19T15:35:34.069400
34,637,10.0,4,5,2025-12-19T15:35:34.069400
34,648,0.0009551048278808594,1,2,2025-12-19T15:35:34.070417
34,660,10.00104022026062,4,6,2025-12-19T15:35:34.071403
34,661,0.0010006427764892578,1,1,2025-12-19T15:35:34.071403
34,662,10.000588417053223,4,4,2025-12-19T15:35:34.072443
34,663,0,5,7,2025-12-19T15:35:34.073398
34,664,0,4,4,2025-12-19T15:35:34.073398
34,665,0.0009610652923583984,1,1,2025-12-19T15:35:34.074400
34,666,10.000952243804932,4,4,2025-12-19T15:35:34.075399
34,667,10.00100040435791,5,7,2025-12-19T15:35:34.075913
34,668,10.0,4,4,2025-12-19T15:35:34.076920
34,652,10.001589298248291,1,2,2025-12-19T15:35:34.076920
34,647,10.001007318496704,2,2,2025-12-19T15:35:34.078152
34,669,0.0010843276977539062,2,2,2025-12-19T15:35:34.078152
34,670,10.00100064277649,1,2,2025-12-19T15:35:34.079206
34,671,0.0009996891021728516,1,2,2025-12-19T15:35:34.080162
34,672,0.0005979537963867188,2,4,2025-12-19T15:35:34.080162
34,673,0.001081705093383789,2,1,2025-12-19T15:35:34.080162
34,674,12.001927375793457,2,1,2025-12-19T15:35:34.081670
34,675,10.001071453094482,1,1,2025-12-19T15:35:34.081670
34,676,10.003173351287842,2,3,2025-12-19T15:35:34.082680
35,656,10.0,1,0,2025-12-19T15:35:34.128340
35,657,0.0010747909545898438,1,0,2025-12-19T15:35:34.129340
35,677,10.0,1,0,2025-12-19T15:35:34.130343
35,678,10.001003980636597,1,1,2025-12-19T15:35:34.132341
35,679,10.0,1,0,2025-12-19T15:35:34.132341
35,680,10.001013278961182,1,0,2025-12-19T15:35:34.133341
35,681,10.0,1,0,2025-12-19T15:35:34.134349
35,682,10.000986814498901,1,0,2025-12-19T15:35:34.135342
35,683,0.0010209083557128906,1,0,2025-12-19T15:35:34.136458
35,684,10.000988006591797,1,0,2025-12-19T15:35:34.136458
35,674,10.0,2,1,2025-12-19T15:35:34.137502
35,676,0,2,3,2025-12-19T15:35:34.138474
35,685,10.001012325286865,2,1,2025-12-19T15:35:34.139460
35,686,10.0,2,2,2025-12-19T15:35:34.140506
35,687,10.001163005828857,2,3,2025-12-19T15:35:34.141497
35,688,10.0,3,5,2025-12-19T15:35:34.142503
35,689,0.0009608268737792969,1,2,2025-12-19T15:35:34.142503
35,690,0,2,2,2025-12-19T15:35:34.143503
35,691,0.0019540786743164062,1,2,2025-12-19T15:35:34.144503
35,692,0.0010020732879638672,1,1,2025-12-19T15:35:34.144503
35,693,12.003082990646362,1,2,2025-12-19T15:35:34.145509
35,694,12.002529859542847,2,1,2025-12-19T15:35:34.146737
35,695,20.013970136642456,2,2,2025-12-19T15:35:34.147309
35,696,10.0,1,2,2025-12-19T15:35:34.147309
35,697,10.0,1,1,2025-12-19T15:35:34.148321
35,698,10.001009225845337,2,3,2025-12-19T15:35:34.148321
35,699,10.001099109649658,2,0,2025-12-19T15:35:34.149317
35,700,0,1,2,2025-12-19T15:35:34.149317
35,701,12.002721548080444,1,1,2025-12-19T15:35:34.150335
35,702,10.001932621002197,2,4,2025-12-19T15:35:34.151324
36,684,12.001612424850464,1,0,2025-12-19T15:35:34.178257
36,682,10.0,1,0,2025-12-19T15:35:34.179263
36,703,10.001022577285767,1,1,2025-12-19T15:35:34.180265
36,704,0,1,0,2025-12-19T15:35:34.181794
36,705,10.001076221466064,1,1,2025-12-19T15:35:34.181794
36,706,0.0009703636169433594,1,0,2025-12-19T15:35:34.182804
36,707,0,1,0,2025-12-19T15:35:34.183890
36,708,12.002167463302612,1,0,2025-12-19T15:35:34.183890
36,709,0,1,1,2025-12-19T15:35:34.185411
36,710,0.001110076904296875,1,0,2025-12-19T15:35:34.186422
36,695,0.0009930133819580078,2,2,2025-12-19T15:35:34.187418
36,693,0,1,2,2025-12-19T15:35:34.188420
36,711,0.0009107589721679688,1,2,2025-12-19T15:35:34.189438
36,712,10.0,1,2,2025-12-19T15:35:34.190584
36,713,0.002520322799682617,3,5,2025-12-19T15:35:34.191707
36,714,10.0,2,2,2025-12-19T15:35:34.191707
36,715,0.0010786056518554688,1,3,2025-12-19T15:35:34.192785
36,716,10.0,1,2,2025-12-19T15:35:34.193718
36,717,0.001997709274291992,1,0,2025-12-19T15:35:34.193718
36,718,10.0,2,2,2025-12-19T15:35:34.195227
36,719,10.0,2,1,2025-12-19T15:35:34.196234
36,720,10.001595735549927,1,2,2025-12-19T15:35:34.197236
36,721,0,2,4,2025-12-19T15:35:34.198234
36,722,12.00109577178955,1,1,2025-12-19T15:35:34.198234
36,723,10.0,1,2,2025-12-19T15:35:34.199236
36,724,0,2,1,2025-12-19T15:35:34.199236
36,725,0,1,1,2025-12-19T15:35:34.200235
36,726,10.002601861953735,2,4,2025-12-19T15:35:34.201740
36,727,0,2,1,2025-12-19T15:35:34.201740
36,728,10.001996517181396,1,1,2025-12-19T15:35:34.202746
37,722,10.001004695892334,1,1,2025-12-19T15:35:34.231764
37,726,10.00100326538086,2,4,2025-12-19T15:35:34.232773
37,729,12.001014947891235,1,1,2025-12-19T15:35:34.233893
37,730,12.00198245048523,1,1,2025-12-19T15:35:34.233893
37,731,0,1,2,2025-12-19T15:35:34.245315
37,732,0,2,4,2025-12-19T15:35:34.246537
37,733,12.001535177230835,1,1,2025-12-19T15:35:34.247488
37,734,0.002028226852416992,1,1,2025-12-19T15:35:34.247488
37,735,0,1,1,2025-12-19T15:35:34.248531
37,736,0,1,1,2025-12-19T15:35:34.249492
37,737,0.0015075206756591797,1,0,2025-12-19T15:35:34.249492
37,684,10.0,1,0,2025-12-19T15:35:34.251591
37,705,0.0010209083557128906,1,1,2025-12-19T15:35:34.251591
37,738,12.00206708908081,1,0,2025-12-19T15:35:34.252489
37,739,0,2,2,2025-12-19T15:35:34.253540
37,740,10.001003980636597,1,0,2025-12-19T15:35:34.253540
37,741,10.000589609146118,1,0,2025-12-19T15:35:34.255544
37,742,0,1,0,2025-12-19T15:35:34.255544
37,708,0,1,0,2025-12-19T15:35:34.256566
37,703,10.001588582992554,1,1,2025-12-19T15:35:34.256566
37,743,10.001010179519653,1,1,2025-12-19T15:35:34.257699
37,744,10.001051187515259,1,0,2025-12-19T15:35:34.257699
37,745,0,1,1,2025-12-19T15:35:34.258746
37,746,0.0015935897827148438,3,4,2025-12-19T15:35:34.259717
37,747,0.0011050701141357422,2,2,2025-12-19T15:35:34.260719
37,748,0.0009846687316894531,1,1,2025-12-19T15:35:34.261718
37,749,10.001020908355713,1,0,2025-12-19T15:35:34.261718
37,750,10.000980138778687,1,0,2025-12-19T15:35:34.262713
37,751,10.000916242599487,1,1,2025-12-19T15:35:34.263718
37,752,10.0,2,2,2025-12-19T15:35:34.263718
38,703,10.000999689102173,1,1,2025-12-19T15:35:34.287299
38,744,0.000997781753540039,1,0,2025-12-19T15:35:34.287299
38,753,0,1,1,2025-12-19T15:35:34.288308
38,754,10.0,1,1,2025-12-19T15:35:34.289304
38,755,10.001502752304077,1,1,2025-12-19T15:35:34.290324
38,756,10.0,1,1,2025-12-19T15:35:34.291765
38,757,10.00100564956665,1,0,2025-12-19T15:35:34.291765
38,758,0.0009989738464355469,1,0,2025-12-19T15:35:34.292772
38,759,10.0,2,3,2025-12-19T15:35:34.292772
38,760,10.0,1,0,2025-12-19T15:35:34.293770
38,730,12.001502275466919,1,1,2025-12-19T15:35:34.293770
38,733,0.0010027885437011719,1,1,2025-12-19T15:35:34.295285
38,761,10.0,1,1,2025-12-19T15:35:34.295285
38,762,10.001000165939331,1,1,2025-12-19T15:35:34.296291
38,763,10.0,2,3,2025-12-19T15:35:34.296291
38,764,0.0010023117065429688,1,1,2025-12-19T15:35:34.297292
38,765,0,1,1,2025-12-19T15:35:34.298292
38,766,10.000999927520752,1,0,2025-12-19T15:35:34.298292
38,767,0,1,0,2025-12-19T15:35:34.298292
38,768,0.0010001659393310547,1,2,2025-12-19T15:35:34.299291
38,738,0,1,0,2025-12-19T15:35:34.301559
38,743,0.0015196800231933594,1,1,2025-12-19T15:35:34.301559
38,769,10.0,1,0,2025-12-19T15:35:34.302568
38,770,10.001007556915283,1,0,2025-12-19T15:35:34.303585
38,771,0,1,0,2025-12-19T15:35:34.304590
38,772,0.0009992122650146484,1,0,2025-12-19T15:35:34.305588
38,773,10.0,1,0,2025-12-19T15:35:34.305588
38,774,0,1,0,2025-12-19T15:35:34.305588
38,775,10.0,1,0,2025-12-19T15:35:34.306949
38,776,10.002006530761719,1,0,2025-12-19T15:35:34.306949
39,755,10.001594305038452,1,1,2025-12-19T15:35:34.351580
39,766,0.0010237693786621094,1,0,2025-12-19T15:35:34.352587
39,777,10.0,1,2,2025-12-19T15:35:34.353588
39,778,0.001001119613647461,1,1,2025-12-19T15:35:34.354594
39,779,8.013993501663208,1,0,2025-12-19T15:35:34.354594
39,780,10.001012563705444,1,1,2025-12-19T15:35:34.355587
39,781,0.0010001659393310547,1,1,2025-12-19T15:35:34.355587
39,782,10.0,1,0,2025-12-19T15:35:34.355587
39,783,0.0009992122650146484,1,0,2025-12-19T15:35:34.357020
39,784,10.002197980880737,1,1,2025-12-19T15:35:34.357020
39,776,10.001003980636597,1,0,2025-12-19T15:35:34.358013
39,770,0,1,0,2025-12-19T15:35:34.358013
39,785,10.001586437225342,1,0,2025-12-19T15:35:34.358013
39,786,10.001103639602661,1,1,2025-12-19T15:35:34.359013
39,787,0,1,1,2025-12-19T15:35:34.359013
39,788,0.000982046127319336,1,1,2025-12-19T15:35:34.359013
39,789,0.0010075569152832031,1,0,2025-12-19T15:35:34.360013
39,790,10.000913381576538,1,1,2025-12-19T15:35:34.360013
39,791,0.0011019706726074219,1,0,2025-12-19T15:35:34.360013
39,792,12.001976251602173,1,1,2025-12-19T15:35:34.361532
39,793,10.001006364822388,1,0,2025-12-19T15:35:34.362541
39,730,10.0,1,1,2025-12-19T15:35:34.362541
39,762,0.0010139942169189453,1,1,2025-12-19T15:35:34.363541
39,794,0.00099945068359375,1,1,2025-12-19T15:35:34.363541
39,795,10.000590562820435,1,1,2025-12-19T15:35:34.364539
39,796,10.000999689102173,1,1,2025-12-19T15:35:34.364539
39,797,0.00099945068359375,1,1,2025-12-19T15:35:34.364539
39,798,10.001001358032227,1,1,2025-12-19T15:35:34.365538
39,799,0.0009992122650146484,1,1,2025-12-19T15:35:34.366043
39,800,10.0,1,1,2025-12-19T15:35:34.366043
40,785,10.00099802017212,1,0,2025-12-19T15:35:34.403439
40,786,0.001508951187133789,1,1,2025-12-19T15:35:34.403439
40,801,10.001010656356812,1,2,2025-12-19T15:35:34.404437
40,802,10.001997709274292,1,1,2025-12-19T15:35:34.404437
40,803,10.001001119613647,1,1,2025-12-19T15:35:34.405438
40,804,0.0005049705505371094,1,0,2025-12-19T15:35:34.405438
40,805,10.001007556915283,1,2,2025-12-19T15:35:34.406568
40,806,10.00146222114563,1,0,2025-12-19T15:35:34.406568
40,807,10.001055717468262,1,2,2025-12-19T15:35:34.407567
40,808,0.0009984970092773438,1,2,2025-12-19T15:35:34.408570
40,784,0.0010616779327392578,1,1,2025-12-19T15:35:34.409658
40,755,0.0009815692901611328,1,1,2025-12-19T15:35:34.409658
40,809,10.000909566879272,1,2,2025-12-19T15:35:34.410672
40,810,0.0010037422180175781,1,2,2025-12-19T15:35:34.411672
40,811,0,1,0,2025-12-19T15:35:34.411672
40,812,10.00100040435791,1,1,2025-12-19T15:35:34.412672
40,813,10.00104284286499,1,0,2025-12-19T15:35:34.413680
40,814,0.001071929931640625,1,0,2025-12-19T15:35:34.413680
40,815,10.001011371612549,1,0,2025-12-19T15:35:34.413680
40,816,10.000920057296753,1,0,2025-12-19T15:35:34.415191
40,792,0.0009968280792236328,1,1,2025-12-19T15:35:34.416202
40,780,12.000999212265015,1,1,2025-12-19T15:35:34.416202
40,817,0,1,0,2025-12-19T15:35:34.417205
40,818,0.0015969276428222656,2,2,2025-12-19T15:35:34.417205
40,819,0.002009868621826172,1,1,2025-12-19T15:35:34.418205
40,820,0.0009996891021728516,1,1,2025-12-19T15:35:34.418205
40,821,10.001001358032227,1,2,2025-12-19T15:35:34.418205
40,822,0.0009961128234863281,1,0,2025-12-19T15:35:34.418205
40,823,10.0,1,0,2025-12-19T15:35:34.419716
40,824,10.002172946929932,2,3,2025-12-19T15:35:34.419716
41,802,10.001004934310913,1,1,2025-12-19T15:35:34.451831
41,806,0.0015103816986083984,1,0,2025-12-19T15:35:34.451831
41,825,0.001009225845336914,1,1,2025-12-19T15:35:34.452897
41,826,10.001002311706543,1,0,2025-12-19T15:35:34.453838
41,827,0.0010101795196533203,1,2,2025-12-19T15:35:34.453838
41,828,0.0009982585906982422,1,1,2025-12-19T15:35:34.453838
41,829,0.0009968280792236328,1,1,2025-12-19T15:35:34.459223
41,830,0.002526521682739258,1,1,2025-12-19T15:35:34.460223
41,831,0.0009937286376953125,1,0,2025-12-19T15:35:34.460223
41,832,10.001505851745605,1,1,2025-12-19T15:35:34.460223
41,833,10.001011371612549,1,0,2025-12-19T15:35:34.461737
41,824,10.001101970672607,2,3,2025-12-19T15:35:34.462751
41,813,10.00100326538086,1,0,2025-12-19T15:35:34.462751
41,834,12.001890897750854,3,5,2025-12-19T15:35:34.463753
41,835,10.0,2,2,2025-12-19T15:35:34.463753
41,836,10.001506328582764,2,2,2025-12-19T15:35:34.465262
41,837,10.0,2,3,2025-12-19T15:35:34.465262
41,838,10.001006126403809,1,2,2025-12-19T15:35:34.465262
41,839,0,1,0,2025-12-19T15:35:34.466668
41,840,0.00099945068359375,1,1,2025-12-19T15:35:34.467719
41,841,0,1,1,2025-12-19T15:35:34.467719
41,780,10.001505613327026,1,1,2025-12-19T15:35:34.468725
41,815,10.0,1,0,2025-12-19T15:35:34.468725
41,842,0.0010075569152832031,1,0,2025-12-19T15:35:34.469753
41,843,10.0,1,1,2025-12-19T15:35:34.469753
41,844,0.0009999275207519531,1,1,2025-12-19T15:35:34.470718
41,845,12.000998973846436,1,0,2025-12-19T15:35:34.473587
41,846,10.0,1,0,2025-12-19T15:35:34.473587
41,847,0.001999378204345703,1,1,2025-12-19T15:35:34.475129
41,848,10.0,1,1,2025-12-19T15:35:34.475129
42,832,0.00099945068359375,1,1,2025-12-19T15:35:34.520004
42,833,0,1,0,2025-12-19T15:35:34.520004
42,849,0.001529693603515625,1,1,2025-12-19T15:35:34.521535
42,850,0.0010218620300292969,1,1,2025-12-19T15:35:34.521535
42,851,0,1,0,2025-12-19T15:35:34.522570
42,852,0.00099945068359375,1,0,2025-12-19T15:35:34.522570
42,853,10.0,1,0,2025-12-19T15:35:34.523543
42,854,10.000999927520752,1,1,2025-12-19T15:35:34.523543
42,845,0,1,0,2025-12-19T15:35:34.524542
42,836,0.0009996891021728516,2,2,2025-12-19T15:35:34.524542
42,855,10.000527620315552,1,0,2025-12-19T15:35:34.525541
42,856,0.0020897388458251953,1,0,2025-12-19T15:35:34.525541
42,857,12.002001523971558,1,0,2025-12-19T15:35:34.526684
42,858,10.0,1,0,2025-12-19T15:35:34.526684
42,859,10.001509189605713,2,3,2025-12-19T15:35:34.526684
42,860,0.0010104179382324219,1,0,2025-12-19T15:35:34.527683
42,861,10.000996828079224,1,0,2025-12-19T15:35:34.528682
42,862,10.0,1,0,2025-12-19T15:35:34.528682
42,863,0.0026922225952148438,1,1,2025-12-19T15:35:34.529682
42,864,0.0010058879852294922,1,1,2025-12-19T15:35:34.529682
42,865,12.003077983856201,1,0,2025-12-19T15:35:34.530684
42,834,10.000999450683594,3,5,2025-12-19T15:35:34.530684
42,813,10.000926971435547,1,0,2025-12-19T15:35:34.531681
42,866,0.0010716915130615234,2,3,2025-12-19T15:35:34.531681
42,867,2.007445812225342,3,5,2025-12-19T15:35:34.532684
42,868,0.0010883808135986328,4,7,2025-12-19T15:35:34.533685
42,869,2.0046329498291016,2,2,2025-12-19T15:35:34.533685
42,870,0.0009055137634277344,2,2,2025-12-19T15:35:34.533685
42,871,10.001080751419067,1,0,2025-12-19T15:35:34.533685
42,872,10.0,1,1,2025-12-19T15:35:34.535196
43,854,0.0009920597076416016,1,1,2025-12-19T15:35:34.572552
43,853,0.0009987354278564453,1,0,2025-12-19T15:35:34.573510
43,873,0.0015060901641845703,1,1,2025-12-19T15:35:34.573510
43,874,0.0010099411010742188,1,0,2025-12-19T15:35:34.574511
43,875,10.000999212265015,1,1,2025-12-19T15:35:34.574511
43,876,10.001506090164185,1,1,2025-12-19T15:35:34.574511
43,877,10.0,1,1,2025-12-19T15:35:34.575510
43,871,10.001008749008179,1,0,2025-12-19T15:35:34.575510
43,834,0.0009982585906982422,3,5,2025-12-19T15:35:34.576666
43,878,10.001148700714111,1,0,2025-12-19T15:35:34.576666
43,879,0.0010073184967041016,1,0,2025-12-19T15:35:34.577677
43,880,0.0010030269622802734,1,0,2025-12-19T15:35:34.578716
43,881,0.0009975433349609375,1,0,2025-12-19T15:35:34.579728
43,882,10.000998497009277,1,1,2025-12-19T15:35:34.580727
43,883,10.001000881195068,1,1,2025-12-19T15:35:34.581816
43,884,0.0010001659393310547,3,5,2025-12-19T15:35:34.581816
43,885,10.001004695892334,1,1,2025-12-19T15:35:34.582754
43,865,10.000519275665283,1,0,2025-12-19T15:35:34.583814
43,857,10.00100040435791,1,0,2025-12-19T15:35:34.585327
43,886,0,1,0,2025-12-19T15:35:34.586335
43,887,0.0010020732879638672,1,0,2025-12-19T15:35:34.587334
43,888,10.000996828079224,1,0,2025-12-19T15:35:34.588567
43,889,0.0010001659393310547,1,1,2025-12-19T15:35:34.589625
43,890,2.003514051437378,1,1,2025-12-19T15:35:34.590575
43,891,0,1,0,2025-12-19T15:35:34.591581
43,892,10.000999450683594,1,0,2025-12-19T15:35:34.592590
43,893,0.0009987354278564453,1,1,2025-12-19T15:35:34.593592
43,894,12.002083778381348,1,0,2025-12-19T15:35:34.594589
43,895,0.0009987354278564453,1,1,2025-12-19T15:35:34.595584
43,896,12.004030227661133,1,0,2025-12-19T15:35:34.596088
44,878,0,1,0,2025-12-19T15:35:34.625171
44,871,0.0010063648223876953,1,0,2025-12-19T15:35:34.625753
44,897,10.0,1,0,2025-12-19T15:35:34.625753
44,898,0.0010008811950683594,1,0,2025-12-19T15:35:34.626758
44,899,10.001001358032227,1,1,2025-12-19T15:35:34.626758
44,900,0,1,0,2025-12-19T15:35:34.627759
44,901,10.001504898071289,1,0,2025-12-19T15:35:34.628799
44,902,10.0,1,0,2025-12-19T15:35:34.628799
44,903,0.001007080078125,1,1,2025-12-19T15:35:34.629763
44,904,0,1,0,2025-12-19T15:35:34.630770
44,876,0.0010190010070800781,1,1,2025-12-19T15:35:34.630770
44,875,0.0009999275207519531,1,1,2025-12-19T15:35:34.631759
44,905,10.0,1,1,2025-12-19T15:35:34.631759
44,906,0,1,0,2025-12-19T15:35:34.632759
44,907,0.0009839534759521484,1,0,2025-12-19T15:35:34.633383
44,908,0.001001119613647461,2,4,2025-12-19T15:35:34.633383
44,909,10.0,1,2,2025-12-19T15:35:34.634418
44,910,10.000998497009277,1,1,2025-12-19T15:35:34.634973
44,896,12.001088380813599,1,0,2025-12-19T15:35:34.635491
44,894,0,1,0,2025-12-19T15:35:34.636498
44,911,0.0019137859344482422,1,0,2025-12-19T15:35:34.636498
44,912,0.0010921955108642578,1,0,2025-12-19T15:35:34.637497
44,913,10.0,1,0,2025-12-19T15:35:34.638502
44,914,10.000993967056274,1,1,2025-12-19T15:35:34.639639
44,915,0.000997304916381836,1,1,2025-12-19T15:35:34.640657
44,916,12.001507043838501,1,0,2025-12-19T15:35:34.641711
44,917,10.0,1,0,2025-12-19T15:35:34.642743
44,918,10.001758337020874,1,0,2025-12-19T15:35:34.642743
44,919,10.0,1,0,2025-12-19T15:35:34.643661
44,920,12.004016876220703,1,0,2025-12-19T15:35:34.643661
45,910,10.0010244846344,1,1,2025-12-19T15:35:34.678846
45,905,0,1,1,2025-12-19T15:35:34.679853
45,921,0.0009891986846923828,2,2,2025-12-19T15:35:34.679853
45,922,10.0,1,2,2025-12-19T15:35:34.681391
45,923,0,1,1,2025-12-19T15:35:34.681391
45,924,10.001530170440674,2,2,2025-12-19T15:35:34.682398
45,901,10.0,1,0,2025-12-19T15:35:34.683430
45,909,10.001009464263916,1,2,2025-12-19T15:35:34.683430
45,925,10.001003503799438,1,1,2025-12-19T15:35:34.684398
45,926,0.0020995140075683594,1,0,2025-12-19T15:35:34.685452
45,927,0.001010894775390625,1,0,2025-12-19T15:35:34.685452
45,928,10.001009702682495,1,0,2025-12-19T15:35:34.686578
45,929,10.00107717514038,1,0,2025-12-19T15:35:34.687579
45,930,0.0010056495666503906,1,2,2025-12-19T15:35:34.687579
45,931,0.0015957355499267578,1,2,2025-12-19T15:35:34.689631
45,932,10.001091957092285,1,3,2025-12-19T15:35:34.690580
45,920,0.0009582042694091797,1,0,2025-12-19T15:35:34.690580
45,916,0.0016279220581054688,1,0,2025-12-19T15:35:34.691585
45,933,0,1,0,2025-12-19T15:35:34.692581
45,934,0.0020873546600341797,1,1,2025-12-19T15:35:34.692581
45,935,0.0009906291961669922,1,0,2025-12-19T15:35:34.693583
45,936,0.0010981559753417969,1,0,2025-12-19T15:35:34.694610
45,937,10.001008987426758,1,0,2025-12-19T15:35:34.694610
45,938,0,1,0,2025-12-19T15:35:34.695577
45,939,0.002007722854614258,1,0,2025-12-19T15:35:34.696765
45,940,0.0009999275207519531,1,0,2025-12-19T15:35:34.696765
45,941,0.0009968280792236328,1,1,2025-12-19T15:35:34.697775
45,942,10.000503063201904,1,0,2025-12-19T15:35:34.697775
45,943,0.0010113716125488281,1,1,2025-12-19T15:35:34.698774
45,944,12.00215482711792,1,0,2025-12-19T15:35:34.699804
46,929,10.00100326538086,1,0,2025-12-19T15:35:34.730025
46,925,10.001530647277832,1,1,2025-12-19T15:35:34.731531
46,945,10.001028776168823,1,0,2025-12-19T15:35:34.732540
46,946,0.0010008811950683594,1,0,2025-12-19T15:35:34.733661
46,947,0.0009920597076416016,1,0,2025-12-19T15:35:34.733661
46,948,0,1,0,2025-12-19T15:35:34.734668
46,949,12.003058910369873,1,0,2025-12-19T15:35:34.735173
46,950,10.001009225845337,1,1,2025-12-19T15:35:34.736183
46,951,0.0010056495666503906,1,1,2025-12-19T15:35:34.736183
46,924,10.000947713851929,2,2,2025-12-19T15:35:34.737184
46,932,0.0010523796081542969,1,3,2025-12-19T15:35:34.738186
46,952,0.0005960464477539062,1,3,2025-12-19T15:35:34.739180
46,953,10.001002550125122,2,4,2025-12-19T15:35:34.739180
46,954,0.0009975433349609375,1,1,2025-12-19T15:35:34.740184
46,955,10.0,2,2,2025-12-19T15:35:34.740184
46,956,0.0009999275207519531,2,1,2025-12-19T15:35:34.741718
46,957,10.000502347946167,2,2,2025-12-19T15:35:34.741718
46,958,0,1,1,2025-12-19T15:35:34.742730
46,959,0.0010042190551757812,1,4,2025-12-19T15:35:34.742730
46,960,0.0010046958923339844,1,3,2025-12-19T15:35:34.743762
46,944,0,1,0,2025-12-19T15:35:34.743762
46,937,0.0009982585906982422,1,0,2025-12-19T15:35:34.745269
46,961,10.0,1,0,2025-12-19T15:35:34.745269
46,962,2.001999855041504,1,1,2025-12-19T15:35:34.746275
46,963,10.00051236152649,1,0,2025-12-19T15:35:34.747275
46,964,10.0,1,1,2025-12-19T15:35:34.747275
46,965,0.0010035037994384766,1,1,2025-12-19T15:35:34.748363
46,966,0,1,0,2025-12-19T15:35:34.749371
46,967,12.002002239227295,1,1,2025-12-19T15:35:34.749371
46,968,12.002000331878662,1,0,2025-12-19T15:35:34.750369
47,948,0.0009984970092773438,1,0,2025-12-19T15:35:34.784489
47,969,10.00100064277649,1,0,2025-12-19T15:35:34.785441
47,967,10.000503778457642,1,1,2025-12-19T15:35:34.785441
47,968,0,1,0,2025-12-19T15:35:34.786781
47,970,0.0010046958923339844,1,0,2025-12-19T15:35:34.786781
47,971,10.0,1,0,2025-12-19T15:35:34.787785
47,972,10.000999689102173,1,1,2025-12-19T15:35:34.788791
47,973,0,1,0,2025-12-19T15:35:34.789780
47,974,12.002002477645874,1,0,2025-12-19T15:35:34.790780
47,975,10.0,1,1,2025-12-19T15:35:34.790780
47,976,10.0,1,2,2025-12-19T15:35:34.791830
47,977,0.0015025138854980469,1,0,2025-12-19T15:35:34.792811
47,978,0.0020051002502441406,1,1,2025-12-19T15:35:34.792811
47,979,0.001004934310913086,1,1,2025-12-19T15:35:34.793781
47,980,12.001504898071289,1,0,2025-12-19T15:35:34.793781
47,981,10.00100326538086,1,1,2025-12-19T15:35:34.795337
47,949,10.000999212265015,1,0,2025-12-19T15:35:34.795337
47,925,0.0009999275207519531,1,1,2025-12-19T15:35:34.796374
47,982,0.0010001659393310547,2,3,2025-12-19T15:35:34.797344
47,983,0,1,1,2025-12-19T15:35:34.798343
47,984,0,1,0,2025-12-19T15:35:34.798343
47,985,0.0010101795196533203,1,0,2025-12-19T15:35:34.799360
47,986,0.0009965896606445312,2,3,2025-12-19T15:35:34.800378
47,987,0.0010008811950683594,1,0,2025-12-19T15:35:34.801363
47,988,0.002511739730834961,1,1,2025-12-19T15:35:34.801363
47,989,0.0009980201721191406,1,0,2025-12-19T15:35:34.802344
47,990,10.000999689102173,1,0,2025-12-19T15:35:34.803386
47,991,0.001003265380859375,1,0,2025-12-19T15:35:34.803386
47,992,10.001505851745605,1,0,2025-12-19T15:35:34.804347
47,993,12.004011631011963,1,1,2025-12-19T15:35:34.805356
48,969,0.001001119613647461,1,0,2025-12-19T15:35:34.841396
48,985,10.001508235931396,1,0,2025-12-19T15:35:34.841396
48,994,10.001091480255127,1,0,2025-12-19T15:35:34.842397
48,995,10.00101089477539,1,0,2025-12-19T15:35:34.842397
48,996,10.000986814498901,1,0,2025-12-19T15:35:34.843398
48,997,0,1,0,2025-12-19T15:35:34.844397
48,974,0.0015859603881835938,1,0,2025-12-19T15:35:34.844397
48,980,0,1,0,2025-12-19T15:35:34.845396
48,998,0.001081228256225586,1,1,2025-12-19T15:35:34.846594
48,999,0.0009214878082275391,1,1,2025-12-19T15:35:34.846594
48,1000,10.001078844070435,1,0,2025-12-19T15:35:34.847562
48,1001,12.001010179519653,1,0,2025-12-19T15:35:34.848563
48,1002,10.001874208450317,1,0,2025-12-19T15:35:34.848563
48,1003,12.002098321914673,1,0,2025-12-19T15:35:34.849562
48,1004,0,1,2,2025-12-19T15:35:34.850562
48,1005,10.001598358154297,1,0,2025-12-19T15:35:34.851562
48,1006,10.0,1,0,2025-12-19T15:35:34.852598
48,1007,0.0010025501251220703,1,0,2025-12-19T15:35:34.853565
48,1008,10.001086473464966,1,0,2025-12-19T15:35:34.853565
48,1009,10.000988721847534,1,1,2025-12-19T15:35:34.855640
48,993,10.00101375579834,1,1,2025-12-19T15:35:34.855640
48,992,10.000953197479248,1,0,2025-12-19T15:35:34.856776
48,1010,10.001052141189575,1,1,2025-12-19T15:35:34.856776
48,1011,10.00098729133606,1,1,2025-12-19T15:35:34.857773
48,1012,10.000992059707642,1,2,2025-12-19T15:35:34.858776
48,1013,10.0,1,0,2025-12-19T15:35:34.858776
48,1014,10.00158429145813,1,0,2025-12-19T15:35:34.859774
48,1015,0.00310516357421875,1,0,2025-12-19T15:35:34.860774
48,1016,0.0009016990661621094,2,2,2025-12-19T15:35:34.860774
48,1017,10.002176761627197,1,0,2025-12-19T15:35:34.861773
49,1017,0.0005991458892822266,1,0,2025-12-19T15:35:34.890017
49,1014,10.0,1,0,2025-12-19T15:35:34.890017
49,1018,10.001097679138184,1,0,2025-12-19T15:35:34.891571
49,1019,10.0,1,0,2025-12-19T15:35:34.892580
49,1020,0.001013040542602539,1,1,2025-12-19T15:35:34.892580
49,1021,0.000985860824584961,1,0,2025-12-19T15:35:34.893581
49,1022,10.001000881195068,1,0,2025-12-19T15:35:34.894582
49,1023,0,1,1,2025-12-19T15:35:34.894582
49,1024,0.0009150505065917969,1,0,2025-12-19T15:35:34.895584
49,1025,10.0,1,0,2025-12-19T15:35:34.895584
49,1026,10.001075267791748,1,0,2025-12-19T15:35:34.897031
49,1027,10.0,1,0,2025-12-19T15:35:34.897031
49,1028,10.000993967056274,1,1,2025-12-19T15:35:34.898045
49,1029,10.001014232635498,1,1,2025-12-19T15:35:34.899029
49,1030,10.0,1,0,2025-12-19T15:35:34.899029
49,1031,10.001595258712769,1,0,2025-12-19T15:35:34.900029
49,1003,0,1,0,2025-12-19T15:35:34.900029
49,1001,10.0,1,0,2025-12-19T15:35:34.901537
49,1032,0.0010879039764404297,1,0,2025-12-19T15:35:34.901537
49,1033,0,1,1,2025-12-19T15:35:34.902544
49,1034,10.000996351242065,1,0,2025-12-19T15:35:34.903569
49,1035,10.000995397567749,1,0,2025-12-19T15:35:34.903569
49,1036,0,1,1,2025-12-19T15:35:34.904547
49,1037,2.0019917488098145,1,0,2025-12-19T15:35:34.906077
49,1038,12.001010656356812,1,0,2025-12-19T15:35:34.907085
49,1039,10.001009464263916,1,0,2025-12-19T15:35:34.907085
49,1040,10.0,1,0,2025-12-19T15:35:34.908085
49,1041,12.001991987228394,1,0,2025-12-19T15:35:34.909080
49,1042,0.0005526542663574219,1,0,2025-12-19T15:35:34.909080
49,1043,12.00400447845459,1,0,2025-12-19T15:35:34.910080
50,1031,0,1,0,2025-12-19T15:35:34.953996
50,1018,0.0010232925415039062,1,0,2025-12-19T15:35:34.953996
50,1044,0.0005257129669189453,1,0,2025-12-19T15:35:34.955532
50,1045,0.001020193099975586,1,0,2025-12-19T15:35:34.956543
50,1046,0.0010051727294921875,1,0,2025-12-19T15:35:34.956543
50,1047,0.000993967056274414,1,0,2025-12-19T15:35:34.957960
50,1048,10.0,1,0,2025-12-19T15:35:34.959003
50,1049,10.000998497009277,1,0,2025-12-19T15:35:34.959003
50,1050,0.0019457340240478516,1,1,2025-12-19T15:35:34.959969
50,1051,0.002017498016357422,1,0,2025-12-19T15:35:34.959969
50,1052,10.0,1,0,2025-12-19T15:35:34.961511
50,1053,2.00651216506958,1,0,2025-12-19T15:35:34.961511
50,1054,0.0020911693572998047,1,0,2025-12-19T15:35:34.962517
50,1055,10.00091004371643,1,0,2025-12-19T15:35:34.963517
50,1043,2.0041050910949707,1,0,2025-12-19T15:35:34.964562
50,1041,0,1,0,2025-12-19T15:35:34.964562
50,1056,0,1,0,2025-12-19T15:35:34.965522
50,1057,10.000991821289062,1,0,2025-12-19T15:35:34.965522
50,1058,0.002000570297241211,1,1,2025-12-19T15:35:34.966614
50,1059,10.000999927520752,1,0,2025-12-19T15:35:34.967615
50,1060,0.002001047134399414,1,1,2025-12-19T15:35:34.968616
50,1061,0,1,1,2025-12-19T15:35:34.968616
50,1062,0.0016176700592041016,1,0,2025-12-19T15:35:34.969621
50,1063,0,1,0,2025-12-19T15:35:34.969621
50,1064,0.0010023117065429688,1,0,2025-12-19T15:35:34.970616
50,1065,0.0010781288146972656,1,0,2025-12-19T15:35:34.971623
50,1066,12.0020112991333,1,0,2025-12-19T15:35:34.972618
50,1067,0,1,0,2025-12-19T15:35:34.972618
50,1068,10.001585006713867,1,0,2025-12-19T15:35:34.973615
50,1069,10.0,1,0,2025-12-19T15:35:34.973615
